,Name,Address,Beds,Baths,sqft,Rent,Amenities,Distance by vehicle,Time taken by car,Time taken by walk,Distance by walk,Cost Per Person
0,3232 E Raintree Dr,"3232 E Raintree Dr, Stillwater, OK 74074",3,2.0,960.0,795.0,"Heating: Forced Air, Air Conditioning, Heating Fuel: Forced Air, Refrigerator",3.9,11,71,3.6,265.0
1,1720 S Lowry St,"1720 S Lowry St, Stillwater, OK 74074",3,2.0,960.0,795.0,"Heating: Forced Air, Air Conditioning, Heating Fuel: Forced Air, Refrigerator",2.2,8,39,1.9,265.0
2,2900 E 6th Ave #39,"2900 E 6th Ave #39, Stillwater, OK 74074",3,2.0,960.0,795.0,"Heating: Forced Air, Air Conditioning, Heating Fuel: Forced Air, Refrigerator",3.6,11,64,3.2,265.0
3,1715 S Chester St,"1715 S Chester St, Stillwater, OK 74074",1,1.0,1216.0,650.0,"Heating: Forced Air, Air Conditioning, Heating Fuel: Forced Air, Refrigerator",2.7,9,49,2.4,650.0
4,1812 S Lowry St,"1812 S Lowry St, Stillwater, OK 74074",3,2.0,1188.0,623.0,"Heating: Forced Air, Air Conditioning, Heating Fuel: Forced Air, Refrigerator",2.2,8,39,1.9,207.67
5,3803 N Monroe St,"3803 N Monroe St, Stillwater, OK 74075",2,1.0,1050.0,900.0,"Heating: Forced Air, Other, Heating Fuel: Forced Air, Additional Storage, Storage, Ceiling Fan, Dishwasher, Disposal, Refrigerator, Floors: Linoleum Vinyl",2.9,8,54,2.8,450.0
6,2405 E 7th Ave,"2405 E 7th Ave, Stillwater, OK 74074",2,2.0,960.0,685.0,"Heating: Forced Air, Air Conditioning, Heating Fuel: Forced Air, Refrigerator",3.1,9,55,2.8,342.5
7,2806 E Raintree Dr,"2806 E Raintree Dr, Stillwater, OK 74074",3,2.0,960.0,795.0,"Heating: Forced Air, Air Conditioning, Heating Fuel: Forced Air, Refrigerator",4.0,11,73,3.7,265.0
8,3302 E Raintree Dr,"3302 E Raintree Dr, Stillwater, OK 74074",3,2.0,960.0,795.0,"Heating: Forced Air, Air Conditioning, Heating Fuel: Forced Air, Refrigerator",3.9,11,73,3.6,265.0
9,2520 E 7th St #17,"2520 E 7th St #17, Stillwater, OK 74074",3,2.0,960.0,795.0,"Heating: Forced Air, Air Conditioning, Heating Fuel: Forced Air, Refrigerator",3.3,10,59,3.0,265.0
10,1402 S Main St,"1402 S Main St, Stillwater, OK 74074",1,1.0,450.0,825.0,Floors: Unknown,2.0,7,34,1.7,825.0
11,3027 E Raintree Dr,"3027 E Raintree Dr, Stillwater, OK 74074",3,2.0,960.0,795.0,"Heating: Forced Air, Air Conditioning, Heating Fuel: Forced Air, Refrigerator",3.7,10,69,3.5,265.0
12,1400 N Perkins Rd #B9,"1400 N Perkins Rd #B9, Stillwater, OK 74075",2,1.5,1124.0,750.0,"Heating: Forced Air, Air Conditioning, Heating Fuel: Forced Air, Additional Storage, Storage, Dishwasher, Dryer, Washer",2.2,9,41,2.0,375.0
13,103 E 32nd Ave,"103 E 32nd Ave, Stillwater, OK 74074",5,2.5,2272.25,2500.0,"Heating: Forced Air, Air Conditioning, Heating Fuel: Forced Air, Dishwasher, Dryer, Washer",3.4,9,62,3.1,500.0
14,1108 S Prairie Rd,"1108 S Prairie Rd, Stillwater, OK 74074",3,2.0,1074.0,2500.0,"Heating: Forced Air, Heating Fuel: Forced Air, Dryer, Washer, Floors: Hardwood",6.3,13,117,6.0,833.33
15,2421 S Western Rd,"2421 S Western Rd, Stillwater, OK 74074",5,3.0,2100.0,2500.0,"Heating: Forced Air, Air Conditioning, Heating Fuel: Forced Air, Additional Storage, Attic, Storage, Ceiling Fan, Dishwasher, Disposal, Dryer, Refrigerator, Washer, Fireplace, Double Paned Windows, Floors: Tile, Hardwood",2.9,8,56,2.8,500.0
16,1019 S McDonald St,"1019 S McDonald St, Stillwater, OK 74074",3,2.0,1616.0,1500.0,"Heating: Forced Air, Heating Fuel: Forced Air, Dryer, Washer, Floors: Hardwood",1.4,5,29,1.4,500.0
17,1017 S Main St #1,"1017 S Main St #1, Stillwater, OK 74074",1,1.0,700.0,525.0,"Heating: Forced Air, Heating Fuel: Forced Air",1.7,7,29,1.4,525.0
18,304 S Lowry St,"304 S Lowry St, Stillwater, OK 74074",3,2.0,904.0,1400.0,"Heating: Forced Air, Heating Fuel: Forced Air, Dishwasher, Dryer, Washer",1.7,6,21,1.0,466.67
19,924 S Kings St,"924 S Kings St, Stillwater, OK 74074",5,2.0,2409.0,3000.0,"Heating: Forced Air, Air Conditioning, Heating Fuel: Forced Air, Dishwasher, Dryer, Washer, Fireplace",1.5,5,29,1.5,600.0
20,1316 N Ramsey St,"1316 N Ramsey St, Stillwater, OK 74075",5,3.0,2538.0,3000.0,"Heating: Forced Air, Gas, Heating Fuel: Forced Air, Attic, Ceiling Fan, Dryer, Washer, Jetted Bath Tub, Double Paned Windows, Disabled Access, Floors: Hardwood, Security System",1.2,4,21,1.0,600.0
21,1126 S Husband St,"1126 S Husband St, Stillwater, OK 74074",4,4.0,1836.0,2000.0,"Heating: Forced Air, Heating Fuel: Forced Air, Dishwasher, Dryer, Washer",1.7,6,29,1.4,500.0
22,2310 E 12th Ave,"2310 E 12th Ave, Stillwater, OK 74074",2,2.0,1100.0,900.0,"Heating: Forced Air, Heating Fuel: Forced Air, Dryer, Washer, Floors: Hardwood",3.4,10,61,3.1,450.0
23,409 S Debra Ct,"409 S Debra Ct, Stillwater, OK 74078",2,2.0,1150.0,1300.0,"Heating: Forced Air, Heating Fuel: Forced Air, Dryer, Washer, Floors: Hardwood",3.8,10,71,3.5,650.0
24,927 E Krayler Ave,"927 E Krayler Ave, Stillwater, OK 74075",3,2.0,1278.0,1500.0,"Heating: Forced Air, Air Conditioning, Heating Fuel: Forced Air, Attic, Ceiling Fan, Dryer, Washer, Floors: Tile, Linoleum Vinyl",2.7,9,50,2.5,500.0
25,230 S West St,"230 S West St, Stillwater, OK 74074",5,3.0,2042.0,1750.0,"Heating: Forced Air, Heating Fuel: Forced Air, Dishwasher, Dryer, Washer, Floors: Hardwood",0.9,4,10,0.5,350.0
26,106 W Burris Rd,"106 W Burris Rd, Stillwater, OK 74075",3,2.0,2428.0,1900.0,"Heating: Forced Air, Heating Fuel: Forced Air, Dishwasher, Dryer, Washer, Disabled Access",5.2,10,99,5.0,633.33
27,Apple Creek Apartments - Newly Remodeled!,"1200 N Perkins Rd, Stillwater, OK 74075",1,1.0,512.0,755.0,"Community-Wide WiFi, Clubhouse, Shuttle To Campus, Laundry Facilities, Pool, Walk To Campus, Planned Social Activities, Courtyard, Public Transportation, Grill",,10,40,2.0,755.0
28,Apple Creek Apartments - Newly Remodeled!,"1200 N Perkins Rd, Stillwater, OK 74075",1,1.0,424.0,785.0,"Community-Wide WiFi, Clubhouse, Shuttle To Campus, Laundry Facilities, Pool, Walk To Campus, Planned Social Activities, Courtyard, Public Transportation, Grill",,10,40,2.0,785.0
29,Apple Creek Apartments - Newly Remodeled!,"1200 N Perkins Rd, Stillwater, OK 74075",1,1.0,610.0,825.0,"Community-Wide WiFi, Clubhouse, Shuttle To Campus, Laundry Facilities, Pool, Walk To Campus, Planned Social Activities, Courtyard, Public Transportation, Grill",,10,40,2.0,825.0
30,Apple Creek Apartments - Newly Remodeled!,"1200 N Perkins Rd, Stillwater, OK 74075",1,1.0,626.0,895.0,"Community-Wide WiFi, Clubhouse, Shuttle To Campus, Laundry Facilities, Pool, Walk To Campus, Planned Social Activities, Courtyard, Public Transportation, Grill",,10,40,2.0,895.0
31,Apple Creek Apartments - Newly Remodeled!,"1200 N Perkins Rd, Stillwater, OK 74075",2,1.0,727.0,995.0,"Community-Wide WiFi, Clubhouse, Shuttle To Campus, Laundry Facilities, Pool, Walk To Campus, Planned Social Activities, Courtyard, Public Transportation, Grill",,10,40,2.0,497.5
32,Apple Creek Apartments - Newly Remodeled!,"1200 N Perkins Rd, Stillwater, OK 74075",2,2.0,877.0,1095.0,"Community-Wide WiFi, Clubhouse, Shuttle To Campus, Laundry Facilities, Pool, Walk To Campus, Planned Social Activities, Courtyard, Public Transportation, Grill",,10,40,2.0,547.5
33,Apple Creek Apartments - Newly Remodeled!,"1200 N Perkins Rd, Stillwater, OK 74075",2,2.0,978.0,1150.0,"Community-Wide WiFi, Clubhouse, Shuttle To Campus, Laundry Facilities, Pool, Walk To Campus, Planned Social Activities, Courtyard, Public Transportation, Grill",,10,40,2.0,575.0
34,Midtown at Stillwater Apartments,"801 W 4th Ave, Stillwater, OK 74074",1,1.0,496.0,619.5,"Wi-Fi at Pool and Clubhouse, 24 Hour Availability, Planned Social Activities, Controlled Access, Furnished Units Available, Maintenance on site, Trash Pickup - Door to Door, Elevator, Lounge, Clubhouse, Multi Use Room, Fitness Center, Bike Storage, Pool, Volleyball Court, Roof Terrace, Cabana, Grill, Sundeck, Courtyard",,5,10,0.6,619.5
35,Midtown at Stillwater Apartments,"801 W 4th Ave, Stillwater, OK 74074",2,2.0,916.0,587.5,"Wi-Fi at Pool and Clubhouse, 24 Hour Availability, Planned Social Activities, Controlled Access, Furnished Units Available, Maintenance on site, Trash Pickup - Door to Door, Elevator, Lounge, Clubhouse, Multi Use Room, Fitness Center, Bike Storage, Pool, Volleyball Court, Roof Terrace, Cabana, Grill, Sundeck, Courtyard",,5,10,0.6,587.5
36,Midtown at Stillwater Apartments,"801 W 4th Ave, Stillwater, OK 74074",2,2.0,934.0,587.5,"Wi-Fi at Pool and Clubhouse, 24 Hour Availability, Planned Social Activities, Controlled Access, Furnished Units Available, Maintenance on site, Trash Pickup - Door to Door, Elevator, Lounge, Clubhouse, Multi Use Room, Fitness Center, Bike Storage, Pool, Volleyball Court, Roof Terrace, Cabana, Grill, Sundeck, Courtyard",,5,10,0.6,587.5
37,Midtown at Stillwater Apartments,"801 W 4th Ave, Stillwater, OK 74074",2,2.0,998.0,587.5,"Wi-Fi at Pool and Clubhouse, 24 Hour Availability, Planned Social Activities, Controlled Access, Furnished Units Available, Maintenance on site, Trash Pickup - Door to Door, Elevator, Lounge, Clubhouse, Multi Use Room, Fitness Center, Bike Storage, Pool, Volleyball Court, Roof Terrace, Cabana, Grill, Sundeck, Courtyard",,5,10,0.6,587.5
38,Midtown at Stillwater Apartments,"801 W 4th Ave, Stillwater, OK 74074",2,2.0,1192.0,587.5,"Wi-Fi at Pool and Clubhouse, 24 Hour Availability, Planned Social Activities, Controlled Access, Furnished Units Available, Maintenance on site, Trash Pickup - Door to Door, Elevator, Lounge, Clubhouse, Multi Use Room, Fitness Center, Bike Storage, Pool, Volleyball Court, Roof Terrace, Cabana, Grill, Sundeck, Courtyard",,5,10,0.6,587.5
39,Midtown at Stillwater Apartments,"801 W 4th Ave, Stillwater, OK 74074",3,3.0,1169.0,459.0,"Wi-Fi at Pool and Clubhouse, 24 Hour Availability, Planned Social Activities, Controlled Access, Furnished Units Available, Maintenance on site, Trash Pickup - Door to Door, Elevator, Lounge, Clubhouse, Multi Use Room, Fitness Center, Bike Storage, Pool, Volleyball Court, Roof Terrace, Cabana, Grill, Sundeck, Courtyard",,5,10,0.6,459.0
40,Midtown at Stillwater Apartments,"801 W 4th Ave, Stillwater, OK 74074",3,3.0,1427.0,459.0,"Wi-Fi at Pool and Clubhouse, 24 Hour Availability, Planned Social Activities, Controlled Access, Furnished Units Available, Maintenance on site, Trash Pickup - Door to Door, Elevator, Lounge, Clubhouse, Multi Use Room, Fitness Center, Bike Storage, Pool, Volleyball Court, Roof Terrace, Cabana, Grill, Sundeck, Courtyard",,5,10,0.6,459.0
41,Midtown at Stillwater Apartments,"801 W 4th Ave, Stillwater, OK 74074",4,4.0,1440.0,569.0,"Wi-Fi at Pool and Clubhouse, 24 Hour Availability, Planned Social Activities, Controlled Access, Furnished Units Available, Maintenance on site, Trash Pickup - Door to Door, Elevator, Lounge, Clubhouse, Multi Use Room, Fitness Center, Bike Storage, Pool, Volleyball Court, Roof Terrace, Cabana, Grill, Sundeck, Courtyard",,5,10,0.6,569.0
42,Midtown at Stillwater Apartments,"801 W 4th Ave, Stillwater, OK 74074",4,4.0,1687.0,569.0,"Wi-Fi at Pool and Clubhouse, 24 Hour Availability, Planned Social Activities, Controlled Access, Furnished Units Available, Maintenance on site, Trash Pickup - Door to Door, Elevator, Lounge, Clubhouse, Multi Use Room, Fitness Center, Bike Storage, Pool, Volleyball Court, Roof Terrace, Cabana, Grill, Sundeck, Courtyard",,5,10,0.6,569.0
43,Midtown at Stillwater Apartments,"801 W 4th Ave, Stillwater, OK 74074",4,4.0,1726.0,619.0,"Wi-Fi at Pool and Clubhouse, 24 Hour Availability, Planned Social Activities, Controlled Access, Furnished Units Available, Maintenance on site, Trash Pickup - Door to Door, Elevator, Lounge, Clubhouse, Multi Use Room, Fitness Center, Bike Storage, Pool, Volleyball Court, Roof Terrace, Cabana, Grill, Sundeck, Courtyard",,5,10,0.6,619.0
44,Waters Edge Duplexes Apartments,"2025 E Lone Wolf Ave, Stillwater, OK 74075",3,3.5,1750.0,1200.0,"Washer/Dryer Hookup, Microwave, Walk-In Closets, Air Conditioning, Oven, Patio, Ceiling Fans, Range, Porch, Tub/Shower, Refrigerator, Yard, Dishwasher, Freezer, Disposal, Dining Room",4.1,12,76,3.8,400.0
45,Cottage Row Stillwater Apartments,"920 E Loveland Dr, Stillwater, OK 74075",3,3.0,1701.0,459.0,"Fitness Center, Gameroom, Business Center, Pool, Media Center/Movie Theatre, Clubhouse, Basketball Court, Gated, Tanning Salon, Volleyball Court, Cabana, High Speed Internet Access, Wheelchair Accessible (Rooms), Walk-In Closets, In Unit Washer & Dryer, Dishwasher, Furnished, Air Conditioning, Hardwood Floors, Balcony,  Smoke Free, Built-In Bookshelves",3.2,10,58,2.9,459.0
46,Cottage Row Stillwater Apartments,"920 E Loveland Dr, Stillwater, OK 74075",3,3.0,1701.0,459.0,"Fitness Center, Gameroom, Business Center, Pool, Media Center/Movie Theatre, Clubhouse, Basketball Court, Gated, Tanning Salon, Volleyball Court, Cabana, High Speed Internet Access, Wheelchair Accessible (Rooms), Walk-In Closets, In Unit Washer & Dryer, Dishwasher, Furnished, Air Conditioning, Hardwood Floors, Balcony,  Smoke Free, Built-In Bookshelves",3.2,10,58,2.9,459.0
47,Cottage Row Stillwater Apartments,"920 E Loveland Dr, Stillwater, OK 74075",3,3.0,1701.0,459.0,"Fitness Center, Gameroom, Business Center, Pool, Media Center/Movie Theatre, Clubhouse, Basketball Court, Gated, Tanning Salon, Volleyball Court, Cabana, High Speed Internet Access, Wheelchair Accessible (Rooms), Walk-In Closets, In Unit Washer & Dryer, Dishwasher, Furnished, Air Conditioning, Hardwood Floors, Balcony,  Smoke Free, Built-In Bookshelves",3.2,10,58,2.9,459.0
48,Cottage Row Stillwater Apartments,"920 E Loveland Dr, Stillwater, OK 74075",3,3.0,1701.0,459.0,"Fitness Center, Gameroom, Business Center, Pool, Media Center/Movie Theatre, Clubhouse, Basketball Court, Gated, Tanning Salon, Volleyball Court, Cabana, High Speed Internet Access, Wheelchair Accessible (Rooms), Walk-In Closets, In Unit Washer & Dryer, Dishwasher, Furnished, Air Conditioning, Hardwood Floors, Balcony,  Smoke Free, Built-In Bookshelves",3.2,10,58,2.9,459.0
49,Cottage Row Stillwater Apartments,"920 E Loveland Dr, Stillwater, OK 74075",3,3.0,1701.0,459.0,"Fitness Center, Gameroom, Business Center, Pool, Media Center/Movie Theatre, Clubhouse, Basketball Court, Gated, Tanning Salon, Volleyball Court, Cabana, High Speed Internet Access, Wheelchair Accessible (Rooms), Walk-In Closets, In Unit Washer & Dryer, Dishwasher, Furnished, Air Conditioning, Hardwood Floors, Balcony,  Smoke Free, Built-In Bookshelves",3.2,10,58,2.9,459.0
50,Cottage Row Stillwater Apartments,"920 E Loveland Dr, Stillwater, OK 74075",3,3.0,1701.0,459.0,"Fitness Center, Gameroom, Business Center, Pool, Media Center/Movie Theatre, Clubhouse, Basketball Court, Gated, Tanning Salon, Volleyball Court, Cabana, High Speed Internet Access, Wheelchair Accessible (Rooms), Walk-In Closets, In Unit Washer & Dryer, Dishwasher, Furnished, Air Conditioning, Hardwood Floors, Balcony,  Smoke Free, Built-In Bookshelves",3.2,10,58,2.9,459.0
51,Cottage Row Stillwater Apartments,"920 E Loveland Dr, Stillwater, OK 74075",3,3.0,1701.0,459.0,"Fitness Center, Gameroom, Business Center, Pool, Media Center/Movie Theatre, Clubhouse, Basketball Court, Gated, Tanning Salon, Volleyball Court, Cabana, High Speed Internet Access, Wheelchair Accessible (Rooms), Walk-In Closets, In Unit Washer & Dryer, Dishwasher, Furnished, Air Conditioning, Hardwood Floors, Balcony,  Smoke Free, Built-In Bookshelves",3.2,10,58,2.9,459.0
52,Cottage Row Stillwater Apartments,"920 E Loveland Dr, Stillwater, OK 74075",3,3.0,1701.0,459.0,"Fitness Center, Gameroom, Business Center, Pool, Media Center/Movie Theatre, Clubhouse, Basketball Court, Gated, Tanning Salon, Volleyball Court, Cabana, High Speed Internet Access, Wheelchair Accessible (Rooms), Walk-In Closets, In Unit Washer & Dryer, Dishwasher, Furnished, Air Conditioning, Hardwood Floors, Balcony,  Smoke Free, Built-In Bookshelves",3.2,10,58,2.9,459.0
53,Cottage Row Stillwater Apartments,"920 E Loveland Dr, Stillwater, OK 74075",3,3.0,1701.0,459.0,"Fitness Center, Gameroom, Business Center, Pool, Media Center/Movie Theatre, Clubhouse, Basketball Court, Gated, Tanning Salon, Volleyball Court, Cabana, High Speed Internet Access, Wheelchair Accessible (Rooms), Walk-In Closets, In Unit Washer & Dryer, Dishwasher, Furnished, Air Conditioning, Hardwood Floors, Balcony,  Smoke Free, Built-In Bookshelves",3.2,10,58,2.9,459.0
54,Cottage Row Stillwater Apartments,"920 E Loveland Dr, Stillwater, OK 74075",3,3.0,1701.0,459.0,"Fitness Center, Gameroom, Business Center, Pool, Media Center/Movie Theatre, Clubhouse, Basketball Court, Gated, Tanning Salon, Volleyball Court, Cabana, High Speed Internet Access, Wheelchair Accessible (Rooms), Walk-In Closets, In Unit Washer & Dryer, Dishwasher, Furnished, Air Conditioning, Hardwood Floors, Balcony,  Smoke Free, Built-In Bookshelves",3.2,10,58,2.9,459.0
55,Cottage Row Stillwater Apartments,"920 E Loveland Dr, Stillwater, OK 74075",3,3.0,1701.0,459.0,"Fitness Center, Gameroom, Business Center, Pool, Media Center/Movie Theatre, Clubhouse, Basketball Court, Gated, Tanning Salon, Volleyball Court, Cabana, High Speed Internet Access, Wheelchair Accessible (Rooms), Walk-In Closets, In Unit Washer & Dryer, Dishwasher, Furnished, Air Conditioning, Hardwood Floors, Balcony,  Smoke Free, Built-In Bookshelves",3.2,10,58,2.9,459.0
56,Cottage Row Stillwater Apartments,"920 E Loveland Dr, Stillwater, OK 74075",3,3.0,1701.0,459.0,"Fitness Center, Gameroom, Business Center, Pool, Media Center/Movie Theatre, Clubhouse, Basketball Court, Gated, Tanning Salon, Volleyball Court, Cabana, High Speed Internet Access, Wheelchair Accessible (Rooms), Walk-In Closets, In Unit Washer & Dryer, Dishwasher, Furnished, Air Conditioning, Hardwood Floors, Balcony,  Smoke Free, Built-In Bookshelves",3.2,10,58,2.9,459.0
57,Cottage Row Stillwater Apartments,"920 E Loveland Dr, Stillwater, OK 74075",3,3.0,1701.0,459.0,"Fitness Center, Gameroom, Business Center, Pool, Media Center/Movie Theatre, Clubhouse, Basketball Court, Gated, Tanning Salon, Volleyball Court, Cabana, High Speed Internet Access, Wheelchair Accessible (Rooms), Walk-In Closets, In Unit Washer & Dryer, Dishwasher, Furnished, Air Conditioning, Hardwood Floors, Balcony,  Smoke Free, Built-In Bookshelves",3.2,10,58,2.9,459.0
58,Cottage Row Stillwater Apartments,"920 E Loveland Dr, Stillwater, OK 74075",4,4.0,2300.0,459.0,"Fitness Center, Gameroom, Business Center, Pool, Media Center/Movie Theatre, Clubhouse, Basketball Court, Gated, Tanning Salon, Volleyball Court, Cabana, High Speed Internet Access, Wheelchair Accessible (Rooms), Walk-In Closets, In Unit Washer & Dryer, Dishwasher, Furnished, Air Conditioning, Hardwood Floors, Balcony,  Smoke Free, Built-In Bookshelves",3.2,10,58,2.9,459.0
59,Cottage Row Stillwater Apartments,"920 E Loveland Dr, Stillwater, OK 74075",4,4.0,2300.0,449.0,"Fitness Center, Gameroom, Business Center, Pool, Media Center/Movie Theatre, Clubhouse, Basketball Court, Gated, Tanning Salon, Volleyball Court, Cabana, High Speed Internet Access, Wheelchair Accessible (Rooms), Walk-In Closets, In Unit Washer & Dryer, Dishwasher, Furnished, Air Conditioning, Hardwood Floors, Balcony,  Smoke Free, Built-In Bookshelves",3.2,10,58,2.9,449.0
60,Cottage Row Stillwater Apartments,"920 E Loveland Dr, Stillwater, OK 74075",4,4.0,2300.0,449.0,"Fitness Center, Gameroom, Business Center, Pool, Media Center/Movie Theatre, Clubhouse, Basketball Court, Gated, Tanning Salon, Volleyball Court, Cabana, High Speed Internet Access, Wheelchair Accessible (Rooms), Walk-In Closets, In Unit Washer & Dryer, Dishwasher, Furnished, Air Conditioning, Hardwood Floors, Balcony,  Smoke Free, Built-In Bookshelves",3.2,10,58,2.9,449.0
61,Cottage Row Stillwater Apartments,"920 E Loveland Dr, Stillwater, OK 74075",4,4.0,2300.0,449.0,"Fitness Center, Gameroom, Business Center, Pool, Media Center/Movie Theatre, Clubhouse, Basketball Court, Gated, Tanning Salon, Volleyball Court, Cabana, High Speed Internet Access, Wheelchair Accessible (Rooms), Walk-In Closets, In Unit Washer & Dryer, Dishwasher, Furnished, Air Conditioning, Hardwood Floors, Balcony,  Smoke Free, Built-In Bookshelves",3.2,10,58,2.9,449.0
62,Cottage Row Stillwater Apartments,"920 E Loveland Dr, Stillwater, OK 74075",4,4.0,2300.0,449.0,"Fitness Center, Gameroom, Business Center, Pool, Media Center/Movie Theatre, Clubhouse, Basketball Court, Gated, Tanning Salon, Volleyball Court, Cabana, High Speed Internet Access, Wheelchair Accessible (Rooms), Walk-In Closets, In Unit Washer & Dryer, Dishwasher, Furnished, Air Conditioning, Hardwood Floors, Balcony,  Smoke Free, Built-In Bookshelves",3.2,10,58,2.9,449.0
63,Cottage Row Stillwater Apartments,"920 E Loveland Dr, Stillwater, OK 74075",4,4.0,2300.0,449.0,"Fitness Center, Gameroom, Business Center, Pool, Media Center/Movie Theatre, Clubhouse, Basketball Court, Gated, Tanning Salon, Volleyball Court, Cabana, High Speed Internet Access, Wheelchair Accessible (Rooms), Walk-In Closets, In Unit Washer & Dryer, Dishwasher, Furnished, Air Conditioning, Hardwood Floors, Balcony,  Smoke Free, Built-In Bookshelves",3.2,10,58,2.9,449.0
64,Cottage Row Stillwater Apartments,"920 E Loveland Dr, Stillwater, OK 74075",4,4.0,2300.0,449.0,"Fitness Center, Gameroom, Business Center, Pool, Media Center/Movie Theatre, Clubhouse, Basketball Court, Gated, Tanning Salon, Volleyball Court, Cabana, High Speed Internet Access, Wheelchair Accessible (Rooms), Walk-In Closets, In Unit Washer & Dryer, Dishwasher, Furnished, Air Conditioning, Hardwood Floors, Balcony,  Smoke Free, Built-In Bookshelves",3.2,10,58,2.9,449.0
65,Cottage Row Stillwater Apartments,"920 E Loveland Dr, Stillwater, OK 74075",4,4.0,2300.0,449.0,"Fitness Center, Gameroom, Business Center, Pool, Media Center/Movie Theatre, Clubhouse, Basketball Court, Gated, Tanning Salon, Volleyball Court, Cabana, High Speed Internet Access, Wheelchair Accessible (Rooms), Walk-In Closets, In Unit Washer & Dryer, Dishwasher, Furnished, Air Conditioning, Hardwood Floors, Balcony,  Smoke Free, Built-In Bookshelves",3.2,10,58,2.9,449.0
66,Cottage Row Stillwater Apartments,"920 E Loveland Dr, Stillwater, OK 74075",4,4.0,2300.0,449.0,"Fitness Center, Gameroom, Business Center, Pool, Media Center/Movie Theatre, Clubhouse, Basketball Court, Gated, Tanning Salon, Volleyball Court, Cabana, High Speed Internet Access, Wheelchair Accessible (Rooms), Walk-In Closets, In Unit Washer & Dryer, Dishwasher, Furnished, Air Conditioning, Hardwood Floors, Balcony,  Smoke Free, Built-In Bookshelves",3.2,10,58,2.9,449.0
67,Cottage Row Stillwater Apartments,"920 E Loveland Dr, Stillwater, OK 74075",4,4.0,2300.0,449.0,"Fitness Center, Gameroom, Business Center, Pool, Media Center/Movie Theatre, Clubhouse, Basketball Court, Gated, Tanning Salon, Volleyball Court, Cabana, High Speed Internet Access, Wheelchair Accessible (Rooms), Walk-In Closets, In Unit Washer & Dryer, Dishwasher, Furnished, Air Conditioning, Hardwood Floors, Balcony,  Smoke Free, Built-In Bookshelves",3.2,10,58,2.9,449.0
68,Cottage Row Stillwater Apartments,"920 E Loveland Dr, Stillwater, OK 74075",4,4.0,2300.0,449.0,"Fitness Center, Gameroom, Business Center, Pool, Media Center/Movie Theatre, Clubhouse, Basketball Court, Gated, Tanning Salon, Volleyball Court, Cabana, High Speed Internet Access, Wheelchair Accessible (Rooms), Walk-In Closets, In Unit Washer & Dryer, Dishwasher, Furnished, Air Conditioning, Hardwood Floors, Balcony,  Smoke Free, Built-In Bookshelves",3.2,10,58,2.9,449.0
69,Cottage Row Stillwater Apartments,"920 E Loveland Dr, Stillwater, OK 74075",4,4.0,2300.0,449.0,"Fitness Center, Gameroom, Business Center, Pool, Media Center/Movie Theatre, Clubhouse, Basketball Court, Gated, Tanning Salon, Volleyball Court, Cabana, High Speed Internet Access, Wheelchair Accessible (Rooms), Walk-In Closets, In Unit Washer & Dryer, Dishwasher, Furnished, Air Conditioning, Hardwood Floors, Balcony,  Smoke Free, Built-In Bookshelves",3.2,10,58,2.9,449.0
70,Cottage Row Stillwater Apartments,"920 E Loveland Dr, Stillwater, OK 74075",4,4.0,2300.0,449.0,"Fitness Center, Gameroom, Business Center, Pool, Media Center/Movie Theatre, Clubhouse, Basketball Court, Gated, Tanning Salon, Volleyball Court, Cabana, High Speed Internet Access, Wheelchair Accessible (Rooms), Walk-In Closets, In Unit Washer & Dryer, Dishwasher, Furnished, Air Conditioning, Hardwood Floors, Balcony,  Smoke Free, Built-In Bookshelves",3.2,10,58,2.9,449.0
71,Cottage Row Stillwater Apartments,"920 E Loveland Dr, Stillwater, OK 74075",4,4.0,2300.0,449.0,"Fitness Center, Gameroom, Business Center, Pool, Media Center/Movie Theatre, Clubhouse, Basketball Court, Gated, Tanning Salon, Volleyball Court, Cabana, High Speed Internet Access, Wheelchair Accessible (Rooms), Walk-In Closets, In Unit Washer & Dryer, Dishwasher, Furnished, Air Conditioning, Hardwood Floors, Balcony,  Smoke Free, Built-In Bookshelves",3.2,10,58,2.9,449.0
72,Cottage Row Stillwater Apartments,"920 E Loveland Dr, Stillwater, OK 74075",4,4.0,2300.0,449.0,"Fitness Center, Gameroom, Business Center, Pool, Media Center/Movie Theatre, Clubhouse, Basketball Court, Gated, Tanning Salon, Volleyball Court, Cabana, High Speed Internet Access, Wheelchair Accessible (Rooms), Walk-In Closets, In Unit Washer & Dryer, Dishwasher, Furnished, Air Conditioning, Hardwood Floors, Balcony,  Smoke Free, Built-In Bookshelves",3.2,10,58,2.9,449.0
73,Cottage Row Stillwater Apartments,"920 E Loveland Dr, Stillwater, OK 74075",4,4.0,2300.0,449.0,"Fitness Center, Gameroom, Business Center, Pool, Media Center/Movie Theatre, Clubhouse, Basketball Court, Gated, Tanning Salon, Volleyball Court, Cabana, High Speed Internet Access, Wheelchair Accessible (Rooms), Walk-In Closets, In Unit Washer & Dryer, Dishwasher, Furnished, Air Conditioning, Hardwood Floors, Balcony,  Smoke Free, Built-In Bookshelves",3.2,10,58,2.9,449.0
74,Cottage Row Stillwater Apartments,"920 E Loveland Dr, Stillwater, OK 74075",4,4.0,2300.0,449.0,"Fitness Center, Gameroom, Business Center, Pool, Media Center/Movie Theatre, Clubhouse, Basketball Court, Gated, Tanning Salon, Volleyball Court, Cabana, High Speed Internet Access, Wheelchair Accessible (Rooms), Walk-In Closets, In Unit Washer & Dryer, Dishwasher, Furnished, Air Conditioning, Hardwood Floors, Balcony,  Smoke Free, Built-In Bookshelves",3.2,10,58,2.9,449.0
75,Cottage Row Stillwater Apartments,"920 E Loveland Dr, Stillwater, OK 74075",4,4.0,2300.0,449.0,"Fitness Center, Gameroom, Business Center, Pool, Media Center/Movie Theatre, Clubhouse, Basketball Court, Gated, Tanning Salon, Volleyball Court, Cabana, High Speed Internet Access, Wheelchair Accessible (Rooms), Walk-In Closets, In Unit Washer & Dryer, Dishwasher, Furnished, Air Conditioning, Hardwood Floors, Balcony,  Smoke Free, Built-In Bookshelves",3.2,10,58,2.9,449.0
76,Cottage Row Stillwater Apartments,"920 E Loveland Dr, Stillwater, OK 74075",4,4.0,2300.0,449.0,"Fitness Center, Gameroom, Business Center, Pool, Media Center/Movie Theatre, Clubhouse, Basketball Court, Gated, Tanning Salon, Volleyball Court, Cabana, High Speed Internet Access, Wheelchair Accessible (Rooms), Walk-In Closets, In Unit Washer & Dryer, Dishwasher, Furnished, Air Conditioning, Hardwood Floors, Balcony,  Smoke Free, Built-In Bookshelves",3.2,10,58,2.9,449.0
77,Cottage Row Stillwater Apartments,"920 E Loveland Dr, Stillwater, OK 74075",5,5.0,2800.0,434.0,"Fitness Center, Gameroom, Business Center, Pool, Media Center/Movie Theatre, Clubhouse, Basketball Court, Gated, Tanning Salon, Volleyball Court, Cabana, High Speed Internet Access, Wheelchair Accessible (Rooms), Walk-In Closets, In Unit Washer & Dryer, Dishwasher, Furnished, Air Conditioning, Hardwood Floors, Balcony,  Smoke Free, Built-In Bookshelves",3.2,10,58,2.9,434.0
78,Cottage Row Stillwater Apartments,"920 E Loveland Dr, Stillwater, OK 74075",5,5.0,2800.0,434.0,"Fitness Center, Gameroom, Business Center, Pool, Media Center/Movie Theatre, Clubhouse, Basketball Court, Gated, Tanning Salon, Volleyball Court, Cabana, High Speed Internet Access, Wheelchair Accessible (Rooms), Walk-In Closets, In Unit Washer & Dryer, Dishwasher, Furnished, Air Conditioning, Hardwood Floors, Balcony,  Smoke Free, Built-In Bookshelves",3.2,10,58,2.9,434.0
79,Cottage Row Stillwater Apartments,"920 E Loveland Dr, Stillwater, OK 74075",5,5.0,2800.0,434.0,"Fitness Center, Gameroom, Business Center, Pool, Media Center/Movie Theatre, Clubhouse, Basketball Court, Gated, Tanning Salon, Volleyball Court, Cabana, High Speed Internet Access, Wheelchair Accessible (Rooms), Walk-In Closets, In Unit Washer & Dryer, Dishwasher, Furnished, Air Conditioning, Hardwood Floors, Balcony,  Smoke Free, Built-In Bookshelves",3.2,10,58,2.9,434.0
80,Cottage Row Stillwater Apartments,"920 E Loveland Dr, Stillwater, OK 74075",5,5.0,2800.0,434.0,"Fitness Center, Gameroom, Business Center, Pool, Media Center/Movie Theatre, Clubhouse, Basketball Court, Gated, Tanning Salon, Volleyball Court, Cabana, High Speed Internet Access, Wheelchair Accessible (Rooms), Walk-In Closets, In Unit Washer & Dryer, Dishwasher, Furnished, Air Conditioning, Hardwood Floors, Balcony,  Smoke Free, Built-In Bookshelves",3.2,10,58,2.9,434.0
81,Cottage Row Stillwater Apartments,"920 E Loveland Dr, Stillwater, OK 74075",5,5.0,2800.0,434.0,"Fitness Center, Gameroom, Business Center, Pool, Media Center/Movie Theatre, Clubhouse, Basketball Court, Gated, Tanning Salon, Volleyball Court, Cabana, High Speed Internet Access, Wheelchair Accessible (Rooms), Walk-In Closets, In Unit Washer & Dryer, Dishwasher, Furnished, Air Conditioning, Hardwood Floors, Balcony,  Smoke Free, Built-In Bookshelves",3.2,10,58,2.9,434.0
82,Cottage Row Stillwater Apartments,"920 E Loveland Dr, Stillwater, OK 74075",5,5.0,2800.0,434.0,"Fitness Center, Gameroom, Business Center, Pool, Media Center/Movie Theatre, Clubhouse, Basketball Court, Gated, Tanning Salon, Volleyball Court, Cabana, High Speed Internet Access, Wheelchair Accessible (Rooms), Walk-In Closets, In Unit Washer & Dryer, Dishwasher, Furnished, Air Conditioning, Hardwood Floors, Balcony,  Smoke Free, Built-In Bookshelves",3.2,10,58,2.9,434.0
83,Cottage Row Stillwater Apartments,"920 E Loveland Dr, Stillwater, OK 74075",5,5.0,2800.0,434.0,"Fitness Center, Gameroom, Business Center, Pool, Media Center/Movie Theatre, Clubhouse, Basketball Court, Gated, Tanning Salon, Volleyball Court, Cabana, High Speed Internet Access, Wheelchair Accessible (Rooms), Walk-In Closets, In Unit Washer & Dryer, Dishwasher, Furnished, Air Conditioning, Hardwood Floors, Balcony,  Smoke Free, Built-In Bookshelves",3.2,10,58,2.9,434.0
84,Cottage Row Stillwater Apartments,"920 E Loveland Dr, Stillwater, OK 74075",5,5.0,2800.0,434.0,"Fitness Center, Gameroom, Business Center, Pool, Media Center/Movie Theatre, Clubhouse, Basketball Court, Gated, Tanning Salon, Volleyball Court, Cabana, High Speed Internet Access, Wheelchair Accessible (Rooms), Walk-In Closets, In Unit Washer & Dryer, Dishwasher, Furnished, Air Conditioning, Hardwood Floors, Balcony,  Smoke Free, Built-In Bookshelves",3.2,10,58,2.9,434.0
85,Cottage Row Stillwater Apartments,"920 E Loveland Dr, Stillwater, OK 74075",5,5.0,2800.0,434.0,"Fitness Center, Gameroom, Business Center, Pool, Media Center/Movie Theatre, Clubhouse, Basketball Court, Gated, Tanning Salon, Volleyball Court, Cabana, High Speed Internet Access, Wheelchair Accessible (Rooms), Walk-In Closets, In Unit Washer & Dryer, Dishwasher, Furnished, Air Conditioning, Hardwood Floors, Balcony,  Smoke Free, Built-In Bookshelves",3.2,10,58,2.9,434.0
86,Cottage Row Stillwater Apartments,"920 E Loveland Dr, Stillwater, OK 74075",5,5.0,2800.0,434.0,"Fitness Center, Gameroom, Business Center, Pool, Media Center/Movie Theatre, Clubhouse, Basketball Court, Gated, Tanning Salon, Volleyball Court, Cabana, High Speed Internet Access, Wheelchair Accessible (Rooms), Walk-In Closets, In Unit Washer & Dryer, Dishwasher, Furnished, Air Conditioning, Hardwood Floors, Balcony,  Smoke Free, Built-In Bookshelves",3.2,10,58,2.9,434.0
87,Cottage Row Stillwater Apartments,"920 E Loveland Dr, Stillwater, OK 74075",5,5.0,2800.0,434.0,"Fitness Center, Gameroom, Business Center, Pool, Media Center/Movie Theatre, Clubhouse, Basketball Court, Gated, Tanning Salon, Volleyball Court, Cabana, High Speed Internet Access, Wheelchair Accessible (Rooms), Walk-In Closets, In Unit Washer & Dryer, Dishwasher, Furnished, Air Conditioning, Hardwood Floors, Balcony,  Smoke Free, Built-In Bookshelves",3.2,10,58,2.9,434.0
88,Cottage Row Stillwater Apartments,"920 E Loveland Dr, Stillwater, OK 74075",5,5.0,2800.0,434.0,"Fitness Center, Gameroom, Business Center, Pool, Media Center/Movie Theatre, Clubhouse, Basketball Court, Gated, Tanning Salon, Volleyball Court, Cabana, High Speed Internet Access, Wheelchair Accessible (Rooms), Walk-In Closets, In Unit Washer & Dryer, Dishwasher, Furnished, Air Conditioning, Hardwood Floors, Balcony,  Smoke Free, Built-In Bookshelves",3.2,10,58,2.9,434.0
89,Cottage Row Stillwater Apartments,"920 E Loveland Dr, Stillwater, OK 74075",5,5.0,2800.0,434.0,"Fitness Center, Gameroom, Business Center, Pool, Media Center/Movie Theatre, Clubhouse, Basketball Court, Gated, Tanning Salon, Volleyball Court, Cabana, High Speed Internet Access, Wheelchair Accessible (Rooms), Walk-In Closets, In Unit Washer & Dryer, Dishwasher, Furnished, Air Conditioning, Hardwood Floors, Balcony,  Smoke Free, Built-In Bookshelves",3.2,10,58,2.9,434.0
90,Quarters Stillwater Apartments,"1520 N Boomer Rd, Stillwater, OK 74075",1,1.0,548.0,995.0,"Breakfast/Coffee Concierge, Grill, Pet Play Area, Volleyball Court, Study Lounge, Business Center, Gameroom, Range, Furnished",1.4,6,24,1.2,995.0
91,Quarters Stillwater Apartments,"1520 N Boomer Rd, Stillwater, OK 74075",2,2.0,878.0,680.0,"Breakfast/Coffee Concierge, Grill, Pet Play Area, Volleyball Court, Study Lounge, Business Center, Gameroom, Range, Furnished",1.4,6,24,1.2,680.0
92,Quarters Stillwater Apartments,"1520 N Boomer Rd, Stillwater, OK 74075",4,4.0,1400.0,480.0,"Breakfast/Coffee Concierge, Grill, Pet Play Area, Volleyball Court, Study Lounge, Business Center, Gameroom, Range, Furnished",1.4,6,24,1.2,480.0
93,Quarters Stillwater Apartments,"1520 N Boomer Rd, Stillwater, OK 74075",4,4.0,1540.0,555.0,"Breakfast/Coffee Concierge, Grill, Pet Play Area, Volleyball Court, Study Lounge, Business Center, Gameroom, Range, Furnished",1.4,6,24,1.2,555.0
94,Quarters Stillwater Apartments,"1520 N Boomer Rd, Stillwater, OK 74075",4,4.0,1640.0,575.0,"Breakfast/Coffee Concierge, Grill, Pet Play Area, Volleyball Court, Study Lounge, Business Center, Gameroom, Range, Furnished",1.4,6,24,1.2,575.0
95,Quarters Stillwater Apartments,"1520 N Boomer Rd, Stillwater, OK 74075",2,2.0,878.0,700.0,"Breakfast/Coffee Concierge, Grill, Pet Play Area, Volleyball Court, Study Lounge, Business Center, Gameroom, Range, Furnished",1.4,6,24,1.2,700.0
96,Lightbearers Stillwater Apartments,"718 E 5th Ave, Stillwater, OK 74074",2,1.0,914.0,550.0,"Maintenance on site, Bike Storage, Property Manager on Site, Online Services, Volleyball Court, 24 Hour Availability, Planned Social Activities, In Unit Washer & Dryer, Heating, Smoke Free, Air Conditioning, Ceiling Fans, Cable Ready, Dishwasher, Pantry, Oven, Disposal, Island Kitchen, Range, Ice Maker, Eat-in Kitchen, Refrigerator, Granite Countertops, Kitchen, Freezer, Stainless Steel Appliances, Microwave, Vinyl Flooring, Furnished, Window Coverings, Built-In Bookshelves, Double Pane Windows, Patio",1.9,8,33,1.6,550.0
97,Lightbearers Stillwater Apartments,"718 E 5th Ave, Stillwater, OK 74074",4,2.0,1370.0,425.0,"Maintenance on site, Bike Storage, Property Manager on Site, Online Services, Volleyball Court, 24 Hour Availability, Planned Social Activities, In Unit Washer & Dryer, Heating, Smoke Free, Air Conditioning, Ceiling Fans, Cable Ready, Dishwasher, Pantry, Oven, Disposal, Island Kitchen, Range, Ice Maker, Eat-in Kitchen, Refrigerator, Granite Countertops, Kitchen, Freezer, Stainless Steel Appliances, Microwave, Vinyl Flooring, Furnished, Window Coverings, Built-In Bookshelves, Double Pane Windows, Patio",1.9,8,33,1.6,425.0
98,Lightbearers Stillwater Apartments,"718 E 5th Ave, Stillwater, OK 74074",4,2.0,1370.0,1500.0,"Maintenance on site, Bike Storage, Property Manager on Site, Online Services, Volleyball Court, 24 Hour Availability, Planned Social Activities, In Unit Washer & Dryer, Heating, Smoke Free, Air Conditioning, Ceiling Fans, Cable Ready, Dishwasher, Pantry, Oven, Disposal, Island Kitchen, Range, Ice Maker, Eat-in Kitchen, Refrigerator, Granite Countertops, Kitchen, Freezer, Stainless Steel Appliances, Microwave, Vinyl Flooring, Furnished, Window Coverings, Built-In Bookshelves, Double Pane Windows, Patio",1.9,8,33,1.6,375.0
99,5iftyone at Tradan Heights Apartments,"920 S Murphy St, Stillwater, OK 74074",1,1.0,733.0,1090.0,"Controlled Access, Clubhouse, Volleyball Court, Maintenance on site, Lounge, Gated, Property Manager on Site, Multi Use Room, Cabana, 24 Hour Availability, Fitness Center, Pond, Trash Pickup - Door to Door, Pool, Private Bathroom, Online Services, Basketball Court, High Speed Internet Access, Air Conditioning, Cable Ready, In Unit Washer & Dryer, Heating, Tub/Shower, Washer/Dryer Hookup, Ceiling Fans, Sprinkler System,Dishwasher, Island Kitchen, Range, Disposal, Eat-in Kitchen, Refrigerator, Granite Countertops, Kitchen, Freezer, Stainless Steel Appliances, Microwave, Pantry, Oven, Carpet, Walk-In Closets, Lawn, Crown Molding, Balcony, Vaulted Ceiling, Patio",3.6,10,69,3.5,1090.0
100,5iftyone at Tradan Heights Apartments,"920 S Murphy St, Stillwater, OK 74074",1,1.0,733.0,1090.0,"Controlled Access, Clubhouse, Volleyball Court, Maintenance on site, Lounge, Gated, Property Manager on Site, Multi Use Room, Cabana, 24 Hour Availability, Fitness Center, Pond, Trash Pickup - Door to Door, Pool, Private Bathroom, Online Services, Basketball Court, High Speed Internet Access, Air Conditioning, Cable Ready, In Unit Washer & Dryer, Heating, Tub/Shower, Washer/Dryer Hookup, Ceiling Fans, Sprinkler System,Dishwasher, Island Kitchen, Range, Disposal, Eat-in Kitchen, Refrigerator, Granite Countertops, Kitchen, Freezer, Stainless Steel Appliances, Microwave, Pantry, Oven, Carpet, Walk-In Closets, Lawn, Crown Molding, Balcony, Vaulted Ceiling, Patio",3.6,10,69,3.5,1090.0
101,5iftyone at Tradan Heights Apartments,"920 S Murphy St, Stillwater, OK 74074",1,1.0,733.0,1090.0,"Controlled Access, Clubhouse, Volleyball Court, Maintenance on site, Lounge, Gated, Property Manager on Site, Multi Use Room, Cabana, 24 Hour Availability, Fitness Center, Pond, Trash Pickup - Door to Door, Pool, Private Bathroom, Online Services, Basketball Court, High Speed Internet Access, Air Conditioning, Cable Ready, In Unit Washer & Dryer, Heating, Tub/Shower, Washer/Dryer Hookup, Ceiling Fans, Sprinkler System,Dishwasher, Island Kitchen, Range, Disposal, Eat-in Kitchen, Refrigerator, Granite Countertops, Kitchen, Freezer, Stainless Steel Appliances, Microwave, Pantry, Oven, Carpet, Walk-In Closets, Lawn, Crown Molding, Balcony, Vaulted Ceiling, Patio",3.6,10,69,3.5,1090.0
102,5iftyone at Tradan Heights Apartments,"920 S Murphy St, Stillwater, OK 74074",2,2.0,1110.0,1200.0,"Controlled Access, Clubhouse, Volleyball Court, Maintenance on site, Lounge, Gated, Property Manager on Site, Multi Use Room, Cabana, 24 Hour Availability, Fitness Center, Pond, Trash Pickup - Door to Door, Pool, Private Bathroom, Online Services, Basketball Court, High Speed Internet Access, Air Conditioning, Cable Ready, In Unit Washer & Dryer, Heating, Tub/Shower, Washer/Dryer Hookup, Ceiling Fans, Sprinkler System,Dishwasher, Island Kitchen, Range, Disposal, Eat-in Kitchen, Refrigerator, Granite Countertops, Kitchen, Freezer, Stainless Steel Appliances, Microwave, Pantry, Oven, Carpet, Walk-In Closets, Lawn, Crown Molding, Balcony, Vaulted Ceiling, Patio",3.6,10,69,3.5,600.0
103,5iftyone at Tradan Heights Apartments,"920 S Murphy St, Stillwater, OK 74074",2,2.0,1110.0,1200.0,"Controlled Access, Clubhouse, Volleyball Court, Maintenance on site, Lounge, Gated, Property Manager on Site, Multi Use Room, Cabana, 24 Hour Availability, Fitness Center, Pond, Trash Pickup - Door to Door, Pool, Private Bathroom, Online Services, Basketball Court, High Speed Internet Access, Air Conditioning, Cable Ready, In Unit Washer & Dryer, Heating, Tub/Shower, Washer/Dryer Hookup, Ceiling Fans, Sprinkler System,Dishwasher, Island Kitchen, Range, Disposal, Eat-in Kitchen, Refrigerator, Granite Countertops, Kitchen, Freezer, Stainless Steel Appliances, Microwave, Pantry, Oven, Carpet, Walk-In Closets, Lawn, Crown Molding, Balcony, Vaulted Ceiling, Patio",3.6,10,69,3.5,600.0
104,Monticello Village Apartments,"606 E Redbud Dr, Stillwater, OK 74075",2,1.0,925.0,670.0,"Convenient Location, Large Closet - over 8 long, 24-hour Emergency Maintenance, Courtyard, Online Rental Payment, Disposal, OSU Transit System, 2-inch Blinds, Email & Text Requests/Notifications, Pet Friendly, BBQ Grill Area, Free Gas Heat, Spacious Patio/Balcony Space, Ceiling Fan, Fully Equipped Kitchens, Unique 1 & 2 Bedroom Floor Plans, Ceiling fan master bedroom, Garbage disposal, Ceiling fan master bedroom, High-speed internet in area, Water & Sewer Paid (water surcharge billed to each, Community web site",2.1,9,39,1.9,670.0
105,Monticello Village Apartments,"606 E Redbud Dr, Stillwater, OK 74075",2,1.0,925.0,670.0,"Convenient Location, Large Closet - over 8 long, 24-hour Emergency Maintenance, Courtyard, Online Rental Payment, Disposal, OSU Transit System, 2-inch Blinds, Email & Text Requests/Notifications, Pet Friendly, BBQ Grill Area, Free Gas Heat, Spacious Patio/Balcony Space, Ceiling Fan, Fully Equipped Kitchens, Unique 1 & 2 Bedroom Floor Plans, Ceiling fan master bedroom, Garbage disposal, Ceiling fan master bedroom, High-speed internet in area, Water & Sewer Paid (water surcharge billed to each, Community web site",2.1,9,39,1.9,670.0
106,Monticello Village Apartments,"606 E Redbud Dr, Stillwater, OK 74075",2,1.0,925.0,670.0,"Convenient Location, Large Closet - over 8 long, 24-hour Emergency Maintenance, Courtyard, Online Rental Payment, Disposal, OSU Transit System, 2-inch Blinds, Email & Text Requests/Notifications, Pet Friendly, BBQ Grill Area, Free Gas Heat, Spacious Patio/Balcony Space, Ceiling Fan, Fully Equipped Kitchens, Unique 1 & 2 Bedroom Floor Plans, Ceiling fan master bedroom, Garbage disposal, Ceiling fan master bedroom, High-speed internet in area, Water & Sewer Paid (water surcharge billed to each, Community web site",2.1,9,39,1.9,670.0
107,Monticello Village Apartments,"606 E Redbud Dr, Stillwater, OK 74075",1,1.0,700.0,599.0,"Convenient Location, Large Closet - over 8 long, 24-hour Emergency Maintenance, Courtyard, Online Rental Payment, Disposal, OSU Transit System, 2-inch Blinds, Email & Text Requests/Notifications, Pet Friendly, BBQ Grill Area, Free Gas Heat, Spacious Patio/Balcony Space, Ceiling Fan, Fully Equipped Kitchens, Unique 1 & 2 Bedroom Floor Plans, Ceiling fan master bedroom, Garbage disposal, Ceiling fan master bedroom, High-speed internet in area, Water & Sewer Paid (water surcharge billed to each, Community web site",2.1,9,39,1.9,599.0
108,Monticello Village Apartments,"606 E Redbud Dr, Stillwater, OK 74075",1,1.0,700.0,640.0,"Convenient Location, Large Closet - over 8 long, 24-hour Emergency Maintenance, Courtyard, Online Rental Payment, Disposal, OSU Transit System, 2-inch Blinds, Email & Text Requests/Notifications, Pet Friendly, BBQ Grill Area, Free Gas Heat, Spacious Patio/Balcony Space, Ceiling Fan, Fully Equipped Kitchens, Unique 1 & 2 Bedroom Floor Plans, Ceiling fan master bedroom, Garbage disposal, Ceiling fan master bedroom, High-speed internet in area, Water & Sewer Paid (water surcharge billed to each, Community web site",2.1,9,39,1.9,640.0
109,Monticello Village Apartments,"606 E Redbud Dr, Stillwater, OK 74075",1,1.0,700.0,599.0,"Convenient Location, Large Closet - over 8 long, 24-hour Emergency Maintenance, Courtyard, Online Rental Payment, Disposal, OSU Transit System, 2-inch Blinds, Email & Text Requests/Notifications, Pet Friendly, BBQ Grill Area, Free Gas Heat, Spacious Patio/Balcony Space, Ceiling Fan, Fully Equipped Kitchens, Unique 1 & 2 Bedroom Floor Plans, Ceiling fan master bedroom, Garbage disposal, Ceiling fan master bedroom, High-speed internet in area, Water & Sewer Paid (water surcharge billed to each, Community web site",2.1,9,39,1.9,599.0
110,Monticello Village Apartments,"606 E Redbud Dr, Stillwater, OK 74075",2,1.0,925.0,670.0,"Convenient Location, Large Closet - over 8 long, 24-hour Emergency Maintenance, Courtyard, Online Rental Payment, Disposal, OSU Transit System, 2-inch Blinds, Email & Text Requests/Notifications, Pet Friendly, BBQ Grill Area, Free Gas Heat, Spacious Patio/Balcony Space, Ceiling Fan, Fully Equipped Kitchens, Unique 1 & 2 Bedroom Floor Plans, Ceiling fan master bedroom, Garbage disposal, Ceiling fan master bedroom, High-speed internet in area, Water & Sewer Paid (water surcharge billed to each, Community web site",2.1,9,39,1.9,670.0
111,Monticello Village Apartments,"606 E Redbud Dr, Stillwater, OK 74075",1,1.0,700.0,599.0,"Convenient Location, Large Closet - over 8 long, 24-hour Emergency Maintenance, Courtyard, Online Rental Payment, Disposal, OSU Transit System, 2-inch Blinds, Email & Text Requests/Notifications, Pet Friendly, BBQ Grill Area, Free Gas Heat, Spacious Patio/Balcony Space, Ceiling Fan, Fully Equipped Kitchens, Unique 1 & 2 Bedroom Floor Plans, Ceiling fan master bedroom, Garbage disposal, Ceiling fan master bedroom, High-speed internet in area, Water & Sewer Paid (water surcharge billed to each, Community web site",2.1,9,39,1.9,599.0
112,Cedar Oaks Apartments,"4100 W 19Th Ave, Stillwater, OK 74074",2,1.5,925.0,849.0,"Laundry Facilities, Pet Care, Maintenance on site, Courtyard, High Speed Internet Access, Oven, Hardwood Floors, Air Conditioning, Range, Dining Room, Dishwasher, Refrigerator, Family Room, Disposal, Freezer, Walk-In Closets",4.0,11,76,3.8,424.5
113,Cedar Oaks Apartments,"4100 W 19Th Ave, Stillwater, OK 74074",2,1.5,925.0,849.0,"Laundry Facilities, Pet Care, Maintenance on site, Courtyard, High Speed Internet Access, Oven, Hardwood Floors, Air Conditioning, Range, Dining Room, Dishwasher, Refrigerator, Family Room, Disposal, Freezer, Walk-In Closets",4.0,11,76,3.8,424.5
114,Cedar Oaks Apartments,"4100 W 19Th Ave, Stillwater, OK 74074",2,1.5,925.0,849.0,"Laundry Facilities, Pet Care, Maintenance on site, Courtyard, High Speed Internet Access, Oven, Hardwood Floors, Air Conditioning, Range, Dining Room, Dishwasher, Refrigerator, Family Room, Disposal, Freezer, Walk-In Closets",4.0,11,76,3.8,424.5
115,Cedar Oaks Apartments,"4100 W 19Th Ave, Stillwater, OK 74074",2,1.5,925.0,849.0,"Laundry Facilities, Pet Care, Maintenance on site, Courtyard, High Speed Internet Access, Oven, Hardwood Floors, Air Conditioning, Range, Dining Room, Dishwasher, Refrigerator, Family Room, Disposal, Freezer, Walk-In Closets",4.0,11,76,3.8,424.5
116,Cedar Oaks Apartments,"4100 W 19Th Ave, Stillwater, OK 74074",2,1.5,925.0,849.0,"Laundry Facilities, Pet Care, Maintenance on site, Courtyard, High Speed Internet Access, Oven, Hardwood Floors, Air Conditioning, Range, Dining Room, Dishwasher, Refrigerator, Family Room, Disposal, Freezer, Walk-In Closets",4.0,11,76,3.8,424.5
117,Cedar Oaks Apartments,"4100 W 19Th Ave, Stillwater, OK 74074",3,1.5,1250.0,975.0,"Laundry Facilities, Pet Care, Maintenance on site, Courtyard, High Speed Internet Access, Oven, Hardwood Floors, Air Conditioning, Range, Dining Room, Dishwasher, Refrigerator, Family Room, Disposal, Freezer, Walk-In Closets",4.0,11,76,3.8,325.0
118,Cedar Oaks Apartments,"4100 W 19Th Ave, Stillwater, OK 74074",3,1.5,1250.0,975.0,"Laundry Facilities, Pet Care, Maintenance on site, Courtyard, High Speed Internet Access, Oven, Hardwood Floors, Air Conditioning, Range, Dining Room, Dishwasher, Refrigerator, Family Room, Disposal, Freezer, Walk-In Closets",4.0,11,76,3.8,325.0
119,Cedar Oaks Apartments,"4100 W 19Th Ave, Stillwater, OK 74074",2,1.5,925.0,849.0,"Laundry Facilities, Pet Care, Maintenance on site, Courtyard, High Speed Internet Access, Oven, Hardwood Floors, Air Conditioning, Range, Dining Room, Dishwasher, Refrigerator, Family Room, Disposal, Freezer, Walk-In Closets",4.0,11,76,3.8,424.5
120,Cedar Oaks Apartments,"4100 W 19Th Ave, Stillwater, OK 74074",1,1.0,725.0,594.0,"Laundry Facilities, Pet Care, Maintenance on site, Courtyard, High Speed Internet Access, Oven, Hardwood Floors, Air Conditioning, Range, Dining Room, Dishwasher, Refrigerator, Family Room, Disposal, Freezer, Walk-In Closets",4.0,11,76,3.8,594.0
121,North Country Commons Apartments,"3602 N Washington St, Stillwater, OK 74075",1,1.0,633.0,580.0,"24hr. Emergency maintenance, Garbage disposal, Private entry, Central Air Conditioning, Green and flowered areas, Private Patios, Community web site, On-line rental payment, Private Swimming Pool, Free Gas Heat, OSU Transit Service, Window Covering, Laundry Facilities, Pet Care, Playground, Maintenance on site, Clubhouse, Courtyard, Renters Insurance Program, Storage Space, Shuttle To Campus, Online Services, Pool",2.8,8,51,2.6,290.0
122,North Country Commons Apartments,"3602 N Washington St, Stillwater, OK 74075",1,1.0,633.0,580.0,"24hr. Emergency maintenance, Garbage disposal, Private entry, Central Air Conditioning, Green and flowered areas, Private Patios, Community web site, On-line rental payment, Private Swimming Pool, Free Gas Heat, OSU Transit Service, Window Covering, Laundry Facilities, Pet Care, Playground, Maintenance on site, Clubhouse, Courtyard, Renters Insurance Program, Storage Space, Shuttle To Campus, Online Services, Pool",2.8,8,51,2.6,290.0
123,North Country Commons Apartments,"3602 N Washington St, Stillwater, OK 74075",1,1.0,633.0,580.0,"24hr. Emergency maintenance, Garbage disposal, Private entry, Central Air Conditioning, Green and flowered areas, Private Patios, Community web site, On-line rental payment, Private Swimming Pool, Free Gas Heat, OSU Transit Service, Window Covering, Laundry Facilities, Pet Care, Playground, Maintenance on site, Clubhouse, Courtyard, Renters Insurance Program, Storage Space, Shuttle To Campus, Online Services, Pool",2.8,8,51,2.6,290.0
124,North Country Commons Apartments,"3602 N Washington St, Stillwater, OK 74075",1,1.0,633.0,580.0,"24hr. Emergency maintenance, Garbage disposal, Private entry, Central Air Conditioning, Green and flowered areas, Private Patios, Community web site, On-line rental payment, Private Swimming Pool, Free Gas Heat, OSU Transit Service, Window Covering, Laundry Facilities, Pet Care, Playground, Maintenance on site, Clubhouse, Courtyard, Renters Insurance Program, Storage Space, Shuttle To Campus, Online Services, Pool",2.8,8,51,2.6,290.0
125,North Country Commons Apartments,"3602 N Washington St, Stillwater, OK 74075",2,1.0,816.0,650.0,"24hr. Emergency maintenance, Garbage disposal, Private entry, Central Air Conditioning, Green and flowered areas, Private Patios, Community web site, On-line rental payment, Private Swimming Pool, Free Gas Heat, OSU Transit Service, Window Covering, Laundry Facilities, Pet Care, Playground, Maintenance on site, Clubhouse, Courtyard, Renters Insurance Program, Storage Space, Shuttle To Campus, Online Services, Pool",2.8,8,51,2.6,325.0
126,North Country Commons Apartments,"3602 N Washington St, Stillwater, OK 74075",2,1.0,816.0,650.0,"24hr. Emergency maintenance, Garbage disposal, Private entry, Central Air Conditioning, Green and flowered areas, Private Patios, Community web site, On-line rental payment, Private Swimming Pool, Free Gas Heat, OSU Transit Service, Window Covering, Laundry Facilities, Pet Care, Playground, Maintenance on site, Clubhouse, Courtyard, Renters Insurance Program, Storage Space, Shuttle To Campus, Online Services, Pool",2.8,8,51,2.6,325.0
127,North Country Commons Apartments,"3602 N Washington St, Stillwater, OK 74075",1,1.0,633.0,580.0,"24hr. Emergency maintenance, Garbage disposal, Private entry, Central Air Conditioning, Green and flowered areas, Private Patios, Community web site, On-line rental payment, Private Swimming Pool, Free Gas Heat, OSU Transit Service, Window Covering, Laundry Facilities, Pet Care, Playground, Maintenance on site, Clubhouse, Courtyard, Renters Insurance Program, Storage Space, Shuttle To Campus, Online Services, Pool",2.8,8,51,2.6,290.0
128,North Country Commons Apartments,"3602 N Washington St, Stillwater, OK 74075",1,1.0,633.0,705.0,"24hr. Emergency maintenance, Garbage disposal, Private entry, Central Air Conditioning, Green and flowered areas, Private Patios, Community web site, On-line rental payment, Private Swimming Pool, Free Gas Heat, OSU Transit Service, Window Covering, Laundry Facilities, Pet Care, Playground, Maintenance on site, Clubhouse, Courtyard, Renters Insurance Program, Storage Space, Shuttle To Campus, Online Services, Pool",2.8,8,51,2.6,352.5
129,North Country Commons Apartments,"3602 N Washington St, Stillwater, OK 74075",2,1.0,816.0,650.0,"24hr. Emergency maintenance, Garbage disposal, Private entry, Central Air Conditioning, Green and flowered areas, Private Patios, Community web site, On-line rental payment, Private Swimming Pool, Free Gas Heat, OSU Transit Service, Window Covering, Laundry Facilities, Pet Care, Playground, Maintenance on site, Clubhouse, Courtyard, Renters Insurance Program, Storage Space, Shuttle To Campus, Online Services, Pool",2.8,8,51,2.6,325.0
130,Cowboy Town Apartments,"2001 N Perkins Rd, Stillwater, OK 74075",1,1.0,630.0,599.0,"Package Service, Property Manager on Site, Pet Care, Wi-Fi at Pool and Clubhouse, Renters Insurance Program, Pet Play Area, Laundry Facilities, Online Services, Public Transportation, Maintenance on site, Planned Social Activities, Business Center, Lounge, Multi Use Room, Fitness Center, Playground, Pool, Volleyball Court, Sundeck, Courtyard, Picnic Area, Shuttle To Campus, Study Lounge, High Speed Internet Access, Heating, Tub/Shower, Air Conditioning, Cable Ready, Fireplace, Dishwasher, Oven, Freezer, Pantry, Range,  Breakfast Nook, Kitchen, Refrigerator, Carpet, Walk-In Closets, Window Coverings, Vinyl Flooring, Linen Closet, Large Bedrooms, Dining Room, Double Pane Windows",3.0,10,50,2.5,599.0
131,Cowboy Town Apartments,"2001 N Perkins Rd, Stillwater, OK 74075",1,1.0,630.0,599.0,"Package Service, Property Manager on Site, Pet Care, Wi-Fi at Pool and Clubhouse, Renters Insurance Program, Pet Play Area, Laundry Facilities, Online Services, Public Transportation, Maintenance on site, Planned Social Activities, Business Center, Lounge, Multi Use Room, Fitness Center, Playground, Pool, Volleyball Court, Sundeck, Courtyard, Picnic Area, Shuttle To Campus, Study Lounge, High Speed Internet Access, Heating, Tub/Shower, Air Conditioning, Cable Ready, Fireplace, Dishwasher, Oven, Freezer, Pantry, Range,  Breakfast Nook, Kitchen, Refrigerator, Carpet, Walk-In Closets, Window Coverings, Vinyl Flooring, Linen Closet, Large Bedrooms, Dining Room, Double Pane Windows",3.0,10,50,2.5,599.0
132,Cowboy Town Apartments,"2001 N Perkins Rd, Stillwater, OK 74075",1,1.0,630.0,599.0,"Package Service, Property Manager on Site, Pet Care, Wi-Fi at Pool and Clubhouse, Renters Insurance Program, Pet Play Area, Laundry Facilities, Online Services, Public Transportation, Maintenance on site, Planned Social Activities, Business Center, Lounge, Multi Use Room, Fitness Center, Playground, Pool, Volleyball Court, Sundeck, Courtyard, Picnic Area, Shuttle To Campus, Study Lounge, High Speed Internet Access, Heating, Tub/Shower, Air Conditioning, Cable Ready, Fireplace, Dishwasher, Oven, Freezer, Pantry, Range,  Breakfast Nook, Kitchen, Refrigerator, Carpet, Walk-In Closets, Window Coverings, Vinyl Flooring, Linen Closet, Large Bedrooms, Dining Room, Double Pane Windows",3.0,10,50,2.5,599.0
133,Cowboy Town Apartments,"2001 N Perkins Rd, Stillwater, OK 74075",2,1.0,888.0,680.0,"Package Service, Property Manager on Site, Pet Care, Wi-Fi at Pool and Clubhouse, Renters Insurance Program, Pet Play Area, Laundry Facilities, Online Services, Public Transportation, Maintenance on site, Planned Social Activities, Business Center, Lounge, Multi Use Room, Fitness Center, Playground, Pool, Volleyball Court, Sundeck, Courtyard, Picnic Area, Shuttle To Campus, Study Lounge, High Speed Internet Access, Heating, Tub/Shower, Air Conditioning, Cable Ready, Fireplace, Dishwasher, Oven, Freezer, Pantry, Range,  Breakfast Nook, Kitchen, Refrigerator, Carpet, Walk-In Closets, Window Coverings, Vinyl Flooring, Linen Closet, Large Bedrooms, Dining Room, Double Pane Windows",3.0,10,50,2.5,340.0
134,Cowboy Town Apartments,"2001 N Perkins Rd, Stillwater, OK 74075",2,1.0,888.0,680.0,"Package Service, Property Manager on Site, Pet Care, Wi-Fi at Pool and Clubhouse, Renters Insurance Program, Pet Play Area, Laundry Facilities, Online Services, Public Transportation, Maintenance on site, Planned Social Activities, Business Center, Lounge, Multi Use Room, Fitness Center, Playground, Pool, Volleyball Court, Sundeck, Courtyard, Picnic Area, Shuttle To Campus, Study Lounge, High Speed Internet Access, Heating, Tub/Shower, Air Conditioning, Cable Ready, Fireplace, Dishwasher, Oven, Freezer, Pantry, Range,  Breakfast Nook, Kitchen, Refrigerator, Carpet, Walk-In Closets, Window Coverings, Vinyl Flooring, Linen Closet, Large Bedrooms, Dining Room, Double Pane Windows",3.0,10,50,2.5,340.0
135,Cowboy Town Apartments,"2001 N Perkins Rd, Stillwater, OK 74075",2,1.0,888.0,680.0,"Package Service, Property Manager on Site, Pet Care, Wi-Fi at Pool and Clubhouse, Renters Insurance Program, Pet Play Area, Laundry Facilities, Online Services, Public Transportation, Maintenance on site, Planned Social Activities, Business Center, Lounge, Multi Use Room, Fitness Center, Playground, Pool, Volleyball Court, Sundeck, Courtyard, Picnic Area, Shuttle To Campus, Study Lounge, High Speed Internet Access, Heating, Tub/Shower, Air Conditioning, Cable Ready, Fireplace, Dishwasher, Oven, Freezer, Pantry, Range,  Breakfast Nook, Kitchen, Refrigerator, Carpet, Walk-In Closets, Window Coverings, Vinyl Flooring, Linen Closet, Large Bedrooms, Dining Room, Double Pane Windows",3.0,10,50,2.5,340.0
136,Cowboy Town Apartments,"2001 N Perkins Rd, Stillwater, OK 74075",2,1.5,1012.0,705.0,"Package Service, Property Manager on Site, Pet Care, Wi-Fi at Pool and Clubhouse, Renters Insurance Program, Pet Play Area, Laundry Facilities, Online Services, Public Transportation, Maintenance on site, Planned Social Activities, Business Center, Lounge, Multi Use Room, Fitness Center, Playground, Pool, Volleyball Court, Sundeck, Courtyard, Picnic Area, Shuttle To Campus, Study Lounge, High Speed Internet Access, Heating, Tub/Shower, Air Conditioning, Cable Ready, Fireplace, Dishwasher, Oven, Freezer, Pantry, Range,  Breakfast Nook, Kitchen, Refrigerator, Carpet, Walk-In Closets, Window Coverings, Vinyl Flooring, Linen Closet, Large Bedrooms, Dining Room, Double Pane Windows",3.0,10,50,2.5,352.5
137,Cowboy Town Apartments,"2001 N Perkins Rd, Stillwater, OK 74075",2,1.5,1012.0,705.0,"Package Service, Property Manager on Site, Pet Care, Wi-Fi at Pool and Clubhouse, Renters Insurance Program, Pet Play Area, Laundry Facilities, Online Services, Public Transportation, Maintenance on site, Planned Social Activities, Business Center, Lounge, Multi Use Room, Fitness Center, Playground, Pool, Volleyball Court, Sundeck, Courtyard, Picnic Area, Shuttle To Campus, Study Lounge, High Speed Internet Access, Heating, Tub/Shower, Air Conditioning, Cable Ready, Fireplace, Dishwasher, Oven, Freezer, Pantry, Range,  Breakfast Nook, Kitchen, Refrigerator, Carpet, Walk-In Closets, Window Coverings, Vinyl Flooring, Linen Closet, Large Bedrooms, Dining Room, Double Pane Windows",3.0,10,50,2.5,352.5
138,Cowboy Town Apartments,"2001 N Perkins Rd, Stillwater, OK 74075",2,1.5,1012.0,705.0,"Package Service, Property Manager on Site, Pet Care, Wi-Fi at Pool and Clubhouse, Renters Insurance Program, Pet Play Area, Laundry Facilities, Online Services, Public Transportation, Maintenance on site, Planned Social Activities, Business Center, Lounge, Multi Use Room, Fitness Center, Playground, Pool, Volleyball Court, Sundeck, Courtyard, Picnic Area, Shuttle To Campus, Study Lounge, High Speed Internet Access, Heating, Tub/Shower, Air Conditioning, Cable Ready, Fireplace, Dishwasher, Oven, Freezer, Pantry, Range,  Breakfast Nook, Kitchen, Refrigerator, Carpet, Walk-In Closets, Window Coverings, Vinyl Flooring, Linen Closet, Large Bedrooms, Dining Room, Double Pane Windows",3.0,10,50,2.5,352.5
139,Cowboy Town Apartments,"2001 N Perkins Rd, Stillwater, OK 74075",2,1.5,1012.0,705.0,"Package Service, Property Manager on Site, Pet Care, Wi-Fi at Pool and Clubhouse, Renters Insurance Program, Pet Play Area, Laundry Facilities, Online Services, Public Transportation, Maintenance on site, Planned Social Activities, Business Center, Lounge, Multi Use Room, Fitness Center, Playground, Pool, Volleyball Court, Sundeck, Courtyard, Picnic Area, Shuttle To Campus, Study Lounge, High Speed Internet Access, Heating, Tub/Shower, Air Conditioning, Cable Ready, Fireplace, Dishwasher, Oven, Freezer, Pantry, Range,  Breakfast Nook, Kitchen, Refrigerator, Carpet, Walk-In Closets, Window Coverings, Vinyl Flooring, Linen Closet, Large Bedrooms, Dining Room, Double Pane Windows",3.0,10,50,2.5,352.5
140,Cowboy Town Apartments,"2001 N Perkins Rd, Stillwater, OK 74075",3,1.0,1050.0,899.0,"Package Service, Property Manager on Site, Pet Care, Wi-Fi at Pool and Clubhouse, Renters Insurance Program, Pet Play Area, Laundry Facilities, Online Services, Public Transportation, Maintenance on site, Planned Social Activities, Business Center, Lounge, Multi Use Room, Fitness Center, Playground, Pool, Volleyball Court, Sundeck, Courtyard, Picnic Area, Shuttle To Campus, Study Lounge, High Speed Internet Access, Heating, Tub/Shower, Air Conditioning, Cable Ready, Fireplace, Dishwasher, Oven, Freezer, Pantry, Range,  Breakfast Nook, Kitchen, Refrigerator, Carpet, Walk-In Closets, Window Coverings, Vinyl Flooring, Linen Closet, Large Bedrooms, Dining Room, Double Pane Windows",3.0,10,50,2.5,299.67
141,Cowboy Town Apartments,"2001 N Perkins Rd, Stillwater, OK 74075",3,1.0,1050.0,899.0,"Package Service, Property Manager on Site, Pet Care, Wi-Fi at Pool and Clubhouse, Renters Insurance Program, Pet Play Area, Laundry Facilities, Online Services, Public Transportation, Maintenance on site, Planned Social Activities, Business Center, Lounge, Multi Use Room, Fitness Center, Playground, Pool, Volleyball Court, Sundeck, Courtyard, Picnic Area, Shuttle To Campus, Study Lounge, High Speed Internet Access, Heating, Tub/Shower, Air Conditioning, Cable Ready, Fireplace, Dishwasher, Oven, Freezer, Pantry, Range,  Breakfast Nook, Kitchen, Refrigerator, Carpet, Walk-In Closets, Window Coverings, Vinyl Flooring, Linen Closet, Large Bedrooms, Dining Room, Double Pane Windows",3.0,10,50,2.5,299.67
142,Cowboy Town Apartments,"2001 N Perkins Rd, Stillwater, OK 74075",3,1.0,1050.0,899.0,"Package Service, Property Manager on Site, Pet Care, Wi-Fi at Pool and Clubhouse, Renters Insurance Program, Pet Play Area, Laundry Facilities, Online Services, Public Transportation, Maintenance on site, Planned Social Activities, Business Center, Lounge, Multi Use Room, Fitness Center, Playground, Pool, Volleyball Court, Sundeck, Courtyard, Picnic Area, Shuttle To Campus, Study Lounge, High Speed Internet Access, Heating, Tub/Shower, Air Conditioning, Cable Ready, Fireplace, Dishwasher, Oven, Freezer, Pantry, Range,  Breakfast Nook, Kitchen, Refrigerator, Carpet, Walk-In Closets, Window Coverings, Vinyl Flooring, Linen Closet, Large Bedrooms, Dining Room, Double Pane Windows",3.0,10,50,2.5,299.67
143,Cowboy Town Apartments,"2001 N Perkins Rd, Stillwater, OK 74075",3,1.0,1050.0,899.0,"Package Service, Property Manager on Site, Pet Care, Wi-Fi at Pool and Clubhouse, Renters Insurance Program, Pet Play Area, Laundry Facilities, Online Services, Public Transportation, Maintenance on site, Planned Social Activities, Business Center, Lounge, Multi Use Room, Fitness Center, Playground, Pool, Volleyball Court, Sundeck, Courtyard, Picnic Area, Shuttle To Campus, Study Lounge, High Speed Internet Access, Heating, Tub/Shower, Air Conditioning, Cable Ready, Fireplace, Dishwasher, Oven, Freezer, Pantry, Range,  Breakfast Nook, Kitchen, Refrigerator, Carpet, Walk-In Closets, Window Coverings, Vinyl Flooring, Linen Closet, Large Bedrooms, Dining Room, Double Pane Windows",3.0,10,50,2.5,299.67
144,Cowboy Town Apartments,"2001 N Perkins Rd, Stillwater, OK 74075",3,2.0,1298.0,1010.0,"Package Service, Property Manager on Site, Pet Care, Wi-Fi at Pool and Clubhouse, Renters Insurance Program, Pet Play Area, Laundry Facilities, Online Services, Public Transportation, Maintenance on site, Planned Social Activities, Business Center, Lounge, Multi Use Room, Fitness Center, Playground, Pool, Volleyball Court, Sundeck, Courtyard, Picnic Area, Shuttle To Campus, Study Lounge, High Speed Internet Access, Heating, Tub/Shower, Air Conditioning, Cable Ready, Fireplace, Dishwasher, Oven, Freezer, Pantry, Range,  Breakfast Nook, Kitchen, Refrigerator, Carpet, Walk-In Closets, Window Coverings, Vinyl Flooring, Linen Closet, Large Bedrooms, Dining Room, Double Pane Windows",3.0,10,50,2.5,336.6666667
145,Cowboy Town Apartments,"2001 N Perkins Rd, Stillwater, OK 74075",3,2.0,1298.0,1010.0,"Package Service, Property Manager on Site, Pet Care, Wi-Fi at Pool and Clubhouse, Renters Insurance Program, Pet Play Area, Laundry Facilities, Online Services, Public Transportation, Maintenance on site, Planned Social Activities, Business Center, Lounge, Multi Use Room, Fitness Center, Playground, Pool, Volleyball Court, Sundeck, Courtyard, Picnic Area, Shuttle To Campus, Study Lounge, High Speed Internet Access, Heating, Tub/Shower, Air Conditioning, Cable Ready, Fireplace, Dishwasher, Oven, Freezer, Pantry, Range,  Breakfast Nook, Kitchen, Refrigerator, Carpet, Walk-In Closets, Window Coverings, Vinyl Flooring, Linen Closet, Large Bedrooms, Dining Room, Double Pane Windows",3.0,10,50,2.5,336.67
146,Cowboy Town Apartments,"2001 N Perkins Rd, Stillwater, OK 74075",3,2.0,1298.0,1010.0,"Package Service, Property Manager on Site, Pet Care, Wi-Fi at Pool and Clubhouse, Renters Insurance Program, Pet Play Area, Laundry Facilities, Online Services, Public Transportation, Maintenance on site, Planned Social Activities, Business Center, Lounge, Multi Use Room, Fitness Center, Playground, Pool, Volleyball Court, Sundeck, Courtyard, Picnic Area, Shuttle To Campus, Study Lounge, High Speed Internet Access, Heating, Tub/Shower, Air Conditioning, Cable Ready, Fireplace, Dishwasher, Oven, Freezer, Pantry, Range,  Breakfast Nook, Kitchen, Refrigerator, Carpet, Walk-In Closets, Window Coverings, Vinyl Flooring, Linen Closet, Large Bedrooms, Dining Room, Double Pane Windows",3.0,10,50,2.5,336.67
147,Cowboy Town Apartments,"2001 N Perkins Rd, Stillwater, OK 74075",3,2.0,1298.0,1010.0,"Package Service, Property Manager on Site, Pet Care, Wi-Fi at Pool and Clubhouse, Renters Insurance Program, Pet Play Area, Laundry Facilities, Online Services, Public Transportation, Maintenance on site, Planned Social Activities, Business Center, Lounge, Multi Use Room, Fitness Center, Playground, Pool, Volleyball Court, Sundeck, Courtyard, Picnic Area, Shuttle To Campus, Study Lounge, High Speed Internet Access, Heating, Tub/Shower, Air Conditioning, Cable Ready, Fireplace, Dishwasher, Oven, Freezer, Pantry, Range,  Breakfast Nook, Kitchen, Refrigerator, Carpet, Walk-In Closets, Window Coverings, Vinyl Flooring, Linen Closet, Large Bedrooms, Dining Room, Double Pane Windows",3.0,10,50,2.5,336.67
148,Cowboy Town Apartments,"2001 N Perkins Rd, Stillwater, OK 74075",2,1.0,888.0,680.0,"Package Service, Property Manager on Site, Pet Care, Wi-Fi at Pool and Clubhouse, Renters Insurance Program, Pet Play Area, Laundry Facilities, Online Services, Public Transportation, Maintenance on site, Planned Social Activities, Business Center, Lounge, Multi Use Room, Fitness Center, Playground, Pool, Volleyball Court, Sundeck, Courtyard, Picnic Area, Shuttle To Campus, Study Lounge, High Speed Internet Access, Heating, Tub/Shower, Air Conditioning, Cable Ready, Fireplace, Dishwasher, Oven, Freezer, Pantry, Range,  Breakfast Nook, Kitchen, Refrigerator, Carpet, Walk-In Closets, Window Coverings, Vinyl Flooring, Linen Closet, Large Bedrooms, Dining Room, Double Pane Windows",3.0,10,50,2.5,340.0
149,Cowboy Town Apartments,"2001 N Perkins Rd, Stillwater, OK 74075",1,1.0,630.0,645.0,"Package Service, Property Manager on Site, Pet Care, Wi-Fi at Pool and Clubhouse, Renters Insurance Program, Pet Play Area, Laundry Facilities, Online Services, Public Transportation, Maintenance on site, Planned Social Activities, Business Center, Lounge, Multi Use Room, Fitness Center, Playground, Pool, Volleyball Court, Sundeck, Courtyard, Picnic Area, Shuttle To Campus, Study Lounge, High Speed Internet Access, Heating, Tub/Shower, Air Conditioning, Cable Ready, Fireplace, Dishwasher, Oven, Freezer, Pantry, Range,  Breakfast Nook, Kitchen, Refrigerator, Carpet, Walk-In Closets, Window Coverings, Vinyl Flooring, Linen Closet, Large Bedrooms, Dining Room, Double Pane Windows",3.0,10,50,2.5,645.0
150,Cowboy Town Apartments,"2001 N Perkins Rd, Stillwater, OK 74075",1,1.0,630.0,660.0,"Package Service, Property Manager on Site, Pet Care, Wi-Fi at Pool and Clubhouse, Renters Insurance Program, Pet Play Area, Laundry Facilities, Online Services, Public Transportation, Maintenance on site, Planned Social Activities, Business Center, Lounge, Multi Use Room, Fitness Center, Playground, Pool, Volleyball Court, Sundeck, Courtyard, Picnic Area, Shuttle To Campus, Study Lounge, High Speed Internet Access, Heating, Tub/Shower, Air Conditioning, Cable Ready, Fireplace, Dishwasher, Oven, Freezer, Pantry, Range,  Breakfast Nook, Kitchen, Refrigerator, Carpet, Walk-In Closets, Window Coverings, Vinyl Flooring, Linen Closet, Large Bedrooms, Dining Room, Double Pane Windows",3.0,10,50,2.5,660.0
151,Cowboy Town Apartments,"2001 N Perkins Rd, Stillwater, OK 74075",2,2.0,1190.0,810.0,"Package Service, Property Manager on Site, Pet Care, Wi-Fi at Pool and Clubhouse, Renters Insurance Program, Pet Play Area, Laundry Facilities, Online Services, Public Transportation, Maintenance on site, Planned Social Activities, Business Center, Lounge, Multi Use Room, Fitness Center, Playground, Pool, Volleyball Court, Sundeck, Courtyard, Picnic Area, Shuttle To Campus, Study Lounge, High Speed Internet Access, Heating, Tub/Shower, Air Conditioning, Cable Ready, Fireplace, Dishwasher, Oven, Freezer, Pantry, Range,  Breakfast Nook, Kitchen, Refrigerator, Carpet, Walk-In Closets, Window Coverings, Vinyl Flooring, Linen Closet, Large Bedrooms, Dining Room, Double Pane Windows",3.0,10,50,2.5,405.0
152,Westbrook Place Apartments,"3700 W 19th Ave, Stillwater, OK 74074",2,1.0,805.0,722.0,"Package Service, Property Manager on Site, Pet Care, Wi-Fi at Pool and Clubhouse, Renters Insurance Program, Pet Play Area, Laundry Facilities, Online Services, Public Transportation, Maintenance on site, Planned Social Activities, Business Center, Lounge, Multi Use Room, Fitness Center, Playground, Pool, Volleyball Court, Sundeck, Courtyard, Picnic Area, Shuttle To Campus, Study Lounge, High Speed Internet Access, Heating, Tub/Shower, Air Conditioning, Cable Ready, Fireplace, Dishwasher, Oven, Freezer, Pantry, Range,  Breakfast Nook, Kitchen, Refrigerator, Carpet, Walk-In Closets, Window Coverings, Vinyl Flooring, Linen Closet, Large Bedrooms, Dining Room, Double Pane Windows",3.6,10,71,3.5,361.0
153,Westbrook Place Apartments,"3700 W 19th Ave, Stillwater, OK 74074",2,1.0,805.0,722.0,"Package Service, Property Manager on Site, Pet Care, Wi-Fi at Pool and Clubhouse, Renters Insurance Program, Pet Play Area, Laundry Facilities, Online Services, Public Transportation, Maintenance on site, Planned Social Activities, Business Center, Lounge, Multi Use Room, Fitness Center, Playground, Pool, Volleyball Court, Sundeck, Courtyard, Picnic Area, Shuttle To Campus, Study Lounge, High Speed Internet Access, Heating, Tub/Shower, Air Conditioning, Cable Ready, Fireplace, Dishwasher, Oven, Freezer, Pantry, Range,  Breakfast Nook, Kitchen, Refrigerator, Carpet, Walk-In Closets, Window Coverings, Vinyl Flooring, Linen Closet, Large Bedrooms, Dining Room, Double Pane Windows",3.6,10,71,3.5,361.0
154,Westbrook Place Apartments,"3700 W 19th Ave, Stillwater, OK 74074",2,1.0,805.0,722.0,"Package Service, Property Manager on Site, Pet Care, Wi-Fi at Pool and Clubhouse, Renters Insurance Program, Pet Play Area, Laundry Facilities, Online Services, Public Transportation, Maintenance on site, Planned Social Activities, Business Center, Lounge, Multi Use Room, Fitness Center, Playground, Pool, Volleyball Court, Sundeck, Courtyard, Picnic Area, Shuttle To Campus, Study Lounge, High Speed Internet Access, Heating, Tub/Shower, Air Conditioning, Cable Ready, Fireplace, Dishwasher, Oven, Freezer, Pantry, Range,  Breakfast Nook, Kitchen, Refrigerator, Carpet, Walk-In Closets, Window Coverings, Vinyl Flooring, Linen Closet, Large Bedrooms, Dining Room, Double Pane Windows",3.6,10,71,3.5,361.0
155,Westbrook Place Apartments,"3700 W 19th Ave, Stillwater, OK 74074",2,1.0,805.0,722.0,"Package Service, Property Manager on Site, Pet Care, Wi-Fi at Pool and Clubhouse, Renters Insurance Program, Pet Play Area, Laundry Facilities, Online Services, Public Transportation, Maintenance on site, Planned Social Activities, Business Center, Lounge, Multi Use Room, Fitness Center, Playground, Pool, Volleyball Court, Sundeck, Courtyard, Picnic Area, Shuttle To Campus, Study Lounge, High Speed Internet Access, Heating, Tub/Shower, Air Conditioning, Cable Ready, Fireplace, Dishwasher, Oven, Freezer, Pantry, Range,  Breakfast Nook, Kitchen, Refrigerator, Carpet, Walk-In Closets, Window Coverings, Vinyl Flooring, Linen Closet, Large Bedrooms, Dining Room, Double Pane Windows",3.6,10,71,3.5,361.0
156,Westbrook Place Apartments,"3700 W 19th Ave, Stillwater, OK 74074",1,1.0,805.0,722.0,"Package Service, Property Manager on Site, Pet Care, Wi-Fi at Pool and Clubhouse, Renters Insurance Program, Pet Play Area, Laundry Facilities, Online Services, Public Transportation, Maintenance on site, Planned Social Activities, Business Center, Lounge, Multi Use Room, Fitness Center, Playground, Pool, Volleyball Court, Sundeck, Courtyard, Picnic Area, Shuttle To Campus, Study Lounge, High Speed Internet Access, Heating, Tub/Shower, Air Conditioning, Cable Ready, Fireplace, Dishwasher, Oven, Freezer, Pantry, Range,  Breakfast Nook, Kitchen, Refrigerator, Carpet, Walk-In Closets, Window Coverings, Vinyl Flooring, Linen Closet, Large Bedrooms, Dining Room, Double Pane Windows",3.6,10,71,3.5,722.0
157,Bridgeport Apartments,"400 S Squires Landing Blvd, Stillwater, OK 74074",2,1.0,832.0,699.0,"Package Service, Property Manager on Site, Pet Care, Wi-Fi at Pool and Clubhouse, Renters Insurance Program, Pet Play Area, Laundry Facilities, Online Services, Public Transportation, Maintenance on site, Planned Social Activities, Business Center, Lounge, Multi Use Room, Fitness Center, Playground, Pool, Volleyball Court, Sundeck, Courtyard, Picnic Area, Shuttle To Campus, Study Lounge, High Speed Internet Access, Heating, Tub/Shower, Air Conditioning, Cable Ready, Fireplace, Dishwasher, Oven, Freezer, Pantry, Range,  Breakfast Nook, Kitchen, Refrigerator, Carpet, Walk-In Closets, Window Coverings, Vinyl Flooring, Linen Closet, Large Bedrooms, Dining Room, Double Pane Windows",3.5,10,67,3.4,349.5
158,Bridgeport Apartments,"400 S Squires Landing Blvd, Stillwater, OK 74074",1,1.0,508.0,550.0,"Package Service, Property Manager on Site, Pet Care, Wi-Fi at Pool and Clubhouse, Renters Insurance Program, Pet Play Area, Laundry Facilities, Online Services, Public Transportation, Maintenance on site, Planned Social Activities, Business Center, Lounge, Multi Use Room, Fitness Center, Playground, Pool, Volleyball Court, Sundeck, Courtyard, Picnic Area, Shuttle To Campus, Study Lounge, High Speed Internet Access, Heating, Tub/Shower, Air Conditioning, Cable Ready, Fireplace, Dishwasher, Oven, Freezer, Pantry, Range,  Breakfast Nook, Kitchen, Refrigerator, Carpet, Walk-In Closets, Window Coverings, Vinyl Flooring, Linen Closet, Large Bedrooms, Dining Room, Double Pane Windows",3.5,10,67,3.4,550.0
159,Bricktown Apartments,"2404 W 8th Ave, Stillwater, OK 74074",1,1.0,568.0,570.0,"Package Service, Property Manager on Site, Pet Play Area, Laundry Facilities, 24 Hour Availability, Public Transportation, Maintenance on site, Online Services, Shuttle To Campus, Washer/Dryer Hookup, Ceiling Fans, Fireplace, Air Conditioning, Cable Ready, Heating, Tub/Shower,Dishwasher, Oven, Freezer, Disposal, Range, Kitchen, Refrigerator, Hardwood Floors, Walk-In Closets, Patio, Carpet, Linen Closet, Yard, Tile Floors, Window Coverings, Vinyl Flooring, Balcony",1.7,7,33,1.6,570.0
160,Bricktown Apartments,"2404 W 8th Ave, Stillwater, OK 74074",1,1.0,568.0,599.0,"Package Service, Property Manager on Site, Pet Play Area, Laundry Facilities, 24 Hour Availability, Public Transportation, Maintenance on site, Online Services, Shuttle To Campus, Washer/Dryer Hookup, Ceiling Fans, Fireplace, Air Conditioning, Cable Ready, Heating, Tub/Shower,Dishwasher, Oven, Freezer, Disposal, Range, Kitchen, Refrigerator, Hardwood Floors, Walk-In Closets, Patio, Carpet, Linen Closet, Yard, Tile Floors, Window Coverings, Vinyl Flooring, Balcony",1.7,7,33,1.6,599.0
161,Bricktown Apartments,"2404 W 8th Ave, Stillwater, OK 74074",2,1.0,852.0,750.0,"Package Service, Property Manager on Site, Pet Play Area, Laundry Facilities, 24 Hour Availability, Public Transportation, Maintenance on site, Online Services, Shuttle To Campus, Washer/Dryer Hookup, Ceiling Fans, Fireplace, Air Conditioning, Cable Ready, Heating, Tub/Shower,Dishwasher, Oven, Freezer, Disposal, Range, Kitchen, Refrigerator, Hardwood Floors, Walk-In Closets, Patio, Carpet, Linen Closet, Yard, Tile Floors, Window Coverings, Vinyl Flooring, Balcony",1.7,7,33,1.6,375.0
162,Bricktown Apartments,"2404 W 8th Ave, Stillwater, OK 74074",2,1.0,935.0,850.0,"Package Service, Property Manager on Site, Pet Play Area, Laundry Facilities, 24 Hour Availability, Public Transportation, Maintenance on site, Online Services, Shuttle To Campus, Washer/Dryer Hookup, Ceiling Fans, Fireplace, Air Conditioning, Cable Ready, Heating, Tub/Shower,Dishwasher, Oven, Freezer, Disposal, Range, Kitchen, Refrigerator, Hardwood Floors, Walk-In Closets, Patio, Carpet, Linen Closet, Yard, Tile Floors, Window Coverings, Vinyl Flooring, Balcony",1.7,7,33,1.6,425.0
163,Bricktown Apartments,"2404 W 8th Ave, Stillwater, OK 74074",2,1.5,1200.0,850.0,"Package Service, Property Manager on Site, Pet Play Area, Laundry Facilities, 24 Hour Availability, Public Transportation, Maintenance on site, Online Services, Shuttle To Campus, Washer/Dryer Hookup, Ceiling Fans, Fireplace, Air Conditioning, Cable Ready, Heating, Tub/Shower,Dishwasher, Oven, Freezer, Disposal, Range, Kitchen, Refrigerator, Hardwood Floors, Walk-In Closets, Patio, Carpet, Linen Closet, Yard, Tile Floors, Window Coverings, Vinyl Flooring, Balcony",1.7,7,33,1.6,425.0
164,Bricktown Apartments,"2404 W 8th Ave, Stillwater, OK 74074",3,1.5,1415.0,950.0,"Package Service, Property Manager on Site, Pet Play Area, Laundry Facilities, 24 Hour Availability, Public Transportation, Maintenance on site, Online Services, Shuttle To Campus, Washer/Dryer Hookup, Ceiling Fans, Fireplace, Air Conditioning, Cable Ready, Heating, Tub/Shower,Dishwasher, Oven, Freezer, Disposal, Range, Kitchen, Refrigerator, Hardwood Floors, Walk-In Closets, Patio, Carpet, Linen Closet, Yard, Tile Floors, Window Coverings, Vinyl Flooring, Balcony",1.7,7,33,1.6,316.67
165,The Enclave at Copper Creek Apartments,"1416 S Walnut St, Stillwater, OK 74074",1,1.0,750.0,795.0,"Gated, In Unit Washer & Drye, Ceiling Fans, Fireplace, Air Conditioning, Cable Ready, Heating, Tub/Shower,Dishwasher, Oven, Freezer, Disposal, Range, Kitchen, Refrigerator, Hardwood Floors, Walk-In Closets, Patio, Carpet, Linen Closet, Yard, Tile Floors, Window Coverings, Vinyl Flooring, Balcony",0.9,5,12,0.6,795.0
166,The Lodge Apartments,"127 N Duck St, Stillwater, OK 74075",2,1.0,750.0,1200.0,"Wi-Fi at Pool and Clubhouse, 24 Hour Availability, Guest Apartment, Wi-Fi, Tub/Shower, Oven, In Unit Washer & Dryer, Dishwasher, Range, Air Conditioning, Disposal, Refrigerator, Heating, Granite Countertops, Vinyl Flooring, Ceiling Fans, Stainless Steel Appliances, Double Pane Windows, Smoke Free, Kitchen",1.1,5,9,0.5,600.0
167,The Tower Apartments,"1516 W 4th Ave, Stillwater, OK 74074",1,1.0,1074.0,800.0,"Laundry Facilities, Walk To Campus, Public Transportation, Individual Leases Available, Air Conditioning, Stainless Steel Appliances, Freezer, Heating, Kitchen, Vinyl Flooring, Ceiling Fans, Oven, Double Pane Windows, Dishwasher, Range, Granite Countertops, Refrigerator",0.8,4,5,0.7,800.0
168,The Tower Apartments,"1516 W 4th Ave, Stillwater, OK 74074",2,1.0,857.695652173913,950.0,"Laundry Facilities, Walk To Campus, Public Transportation, Individual Leases Available, Air Conditioning, Stainless Steel Appliances, Freezer, Heating, Kitchen, Vinyl Flooring, Ceiling Fans, Oven, Double Pane Windows, Dishwasher, Range, Granite Countertops, Refrigerator",0.8,4,5,0.7,475.0
169,The Village Apartments,"808 N Monroe St, Stillwater, OK 74075",1,1.0,647.0,700.0,"Laundry Facilities, Walk To Campus, High Speed Internet Access, Disposal, Refrigerator, Air Conditioning, Pantry, Freezer, Heating, Kitchen, Hardwood Floors, Ceiling Fans, Microwave, Tile Floors, Tub/Shower, Oven, Dining Room, Dishwasher, Range, Window Coverings",1.0,4,16,0.8,700.0
170,The Village Apartments,"808 N Monroe St, Stillwater, OK 74075",2,1.0,747.0,800.0,"Laundry Facilities, Walk To Campus, High Speed Internet Access, Disposal, Refrigerator, Air Conditioning, Pantry, Freezer, Heating, Kitchen, Hardwood Floors, Ceiling Fans, Microwave, Tile Floors, Tub/Shower, Oven, Dining Room, Dishwasher, Range, Window Coverings",1.0,4,16,0.8,400.0
